VALUE,OUTLIER
10844,0
8127,0
6210,0
4656,0
3820,0
2873,0
2369,0
2064,0
2221,0
2158,0
2515,0
4364,0
6526,0
11039,0
13857,0
15865,0
17920,0
20346,0
19539,0
20107,0
18984,0
17720,0
17249,0
18463,0
18908,0
18886,0
18178,0
19459,0
19546,0
20591,0
19380,0
18544,0
16228,0
15013,0
17203,0
19525,0
22966,0
27598,0
26827,0
24904,0
22875,0
20394,0
23401,0
24439,0
23318,0
21733,0
20104,0
16111,0
13370,0
9945,0
7571,0
5917,0
4820,0
3634,0
2993,0
2535,0
2570,0
2485,0
2868,0
4482,0
6788,0
11078,0
13729,0
16700,0
19156,0
19953,0
19502,0
18994,0
17311,0
17904,0
17133,0
18589,0
19134,0
19259,0
18667,0
19078,0
18546,0
18593,0
17967,0
16624,0
14634,0
13888,0
17430,0
21919,0
23633,0
24512,0
24887,0
26872,0
22009,0
18259,0
20844,0
22576,0
22401,0
19056,0
17518,0
15307,0
12646,0
10562,0
8416,0
7098,0
5826,0
4383,0
3270,0
2948,0
3146,0
3077,0
3000,0
4592,0
6486,0
10113,0
12240,0
14574,0
16778,0
18910,0
18350,0
17218,0
16097,0
16409,0
15893,0
16778,0
17604,0
18665,0
19045,0
19261,0
19363,0
19078,0
18193,0
16635,0
14615,0
13759,0
17008,0
19595,0
21328,0
22661,0
29985,0
21501,0
22684,0
22188,0
22663,0
19573,0
17136,0
16606,0
16166,0
16020,0
15591,0
14395,0
12535,0
11341,0
9980,0
8404,0
7200,0
6578,0
5657,0
4474,0
3459,0
3276,0
3595,0
4240,0
4828,0
4926,0
5165,0
5776,0
7338,0
7839,0
8623,0
9731,0
11024,0
13231,0
13613,0
13737,0
15574,0
14226,0
18480,0
18265,0
16575,0
16417,0
14703,0
13469,0
12105,0
11676,0
15487,0
15077,0
14999,0
14487,0
14415,0
13796,0
14036,0
14021,0
15593,0
16589,0
17984,0
18035,0
17576,0
16189,0
14441,0
12535,0
11006,0
9151,0
8010,0
7096,0
6407,0
4421,0
3126,0
2514,0
2550,0
3148,0
3658,0
4345,0
4682,0
6248,0
7454,0
9010,0
10280,0
11488,0
11595,0
13098,0
12623,0
13031,0
13263,0
13349,0
13822,0
13716,0
13919,0
14203,0
13179,0
13708,0
13897,0
14740,0
14575,0
16085,0
18182,0
16861,0
14140,0
14477,0
15293,0
15457,0
16048,0
17477,0
16391,0
17006,0
15427,0
14615,0
13124,0
12222,0
11134,0
9145,0
8624,0
7885,0
7167,0
4805,0
3103,0
2671,0
2510,0
2917,0
3189,0
4107,0
4122,0
5654,0
6360,0
8406,0
9372,0
11067,0
11595,0
12909,0
13715,0
13648,0
14296,0
14798,0
15473,0
16032,0
14661,0
14836,0
13700,0
14565,0
15392,0
16866,0
16893,0
16877,0
17025,0
15884,0
14487,0
14159,0
16135,0
16165,0
14025,0
13970,0
13198,0
11355,0
8675,0
7180,0
5178,0
3658,0
3181,0
2402,0
1944,0
1877,0
2257,0
2280,0
2575,0
4174,0
6346,0
10594,0
12632,0
14893,0
16470,0
18998,0
17792,0
16396,0
14128,0
14161,0
14154,0
15074,0
15188,0
15483,0
15338,0
16242,0
16579,0
16885,0
16824,0
16238,0
15702,0
15132,0
17500,0
19167,0
21398,0
22382,0
22270,0
20575,0
18824,0
17909,0
19707,0
19066,0
17755,0
16583,0
14955,0
11849,0
9292,0
8110,0
7352,0
5049,0
3451,0
2465,0
2125,0
1877,0
2069,0
2080,0
2375,0
4303,0
6537,0
11331,0
13565,0
16455,0
18310,0
20288,0
19564,0
19380,0
16507,0
16939,0
16113,0
17537,0
18120,0
18038,0
17870,0
18427,0
18971,0
19071,0
18646,0
18229,0
15977,0
15026,0
17398,0
20865,0
23875,0
25290,0
25510,0
24535,0
21922,0
20113,0
22079,0
23111,0
25209,0
21978,0
18320,0
14881,0
12053,0
9409,0
7740,0
5528,0
4667,0
3242,0
2678,0
2370,0
2475,0
2304,0
2491,0
4117,0
6435,0
11067,0
13384,0
17194,0
18510,0
20464,0
19777,0
18928,0
17243,0
17490,0
16558,0
17830,0
18203,0
18126,0
18122,0
18488,0
18487,0
18542,0
18240,0
17393,0
15175,0
15360,0
17103,0
19561,0
22262,0
24725,0
25995,0
26319,0
24995,0
20534,0
23458,0
24681,0
23955,0
23655,0
21896,0
19338,0
15185,0
11459,0
8847,0
6580,0
5247,0
4127,0
3440,0
2957,0
2779,0
2532,0
2718,0
4449,0
6601,0
11202,0
13934,0
17176,0
19057,0
21112,0
19882,0
19024,0
16989,0
16979,0
16381,0
17815,0
18029,0
17495,0
17075,0
18234,0
18091,0
18495,0
17523,0
16714,0
14735,0
13610,0
16290,0
19152,0
21865,0
24347,0
26186,0
25852,0
23995,0
21664,0
25027,0
25431,0
25643,0
24654,0
23154,0
21863,0
20051,0
16122,0
13107,0
10506,0
8444,0
6876,0
5375,0
4366,0
4183,0
3249,0
3134,0
4620,0
6725,0
10651,0
12952,0
15808,0
17565,0
19784,0
19699,0
18663,0
16509,0
16600,0
15636,0
17434,0
17668,0
17124,0
17124,0
17489,0
18371,0
18381,0
17898,0
16350,0
14688,0
14227,0
16924,0
19952,0
22665,0
23465,0
25111,0
23984,0
21701,0
20592,0
22630,0
22854,0
23892,0
24959,0
26039,0
26873,0
25871,0
24874,0
23243,0
21674,0
19221,0
16140,0
13371,0
12041,0
10301,0
6472,0
4507,0
3682,0
3422,0
4554,0
5347,0
6853,0
7107,0
9463,0
11022,0
13393,0
13567,0
15452,0
15525,0
17165,0
17263,0
18418,0
18578,0
18762,0
18076,0
18604,0
18580,0
19306,0
18140,0
17455,0
18980,0
21152,0
22483,0
22534,0
22801,0
22117,0
19864,0
19494,0
20607,0
20627,0
21706,0
24243,0
25204,0
25752,0
25792,0
25033,0
23935,0
21440,0
19468,0
16622,0
14485,0
12974,0
11191,0
6911,0
4410,0
3467,0
3429,0
3599,0
3575,0
4557,0
5243,0
6588,0
8009,0
10743,0
13524,0
16179,0
14905,0
16916,0
17082,0
18606,0
18935,0
20175,0
22219,0
22868,0
20375,0
18489,0
16187,0
14015,0
14261,0
20081,0
21503,0
19850,0
18383,0
17640,0
16225,0
15566,0
17088,0
16968,0
15271,0
14141,0
12851,0
13877,0
12484,0
9037,0
7393,0
5176,0
3479,0
2755,0
2027,0
1769,0
2091,0
2553,0
2853,0
4835,0
6603,0
11230,0
13395,0
15650,0
17601,0
18818,0
18515,0
16972,0
15316,0
16003,0
14818,0
15610,0
16536,0
16153,0
15548,0
16500,0
16726,0
16838,0
16550,0
16621,0
15657,0
15334,0
17584,0
20903,0
21968,0
26945,0
24416,0
22401,0
23549,0
21498,0
23114,0
23341,0
22141,0
19110,0
16682,0
12631,0
10089,0
8553,0
6416,0
4694,0
3933,0
2833,0
2089,0
1896,0
2055,0
2031,0
2449,0
4360,0
7036,0
11730,0
14387,0
17505,0
19091,0
21057,0
20050,0
18637,0
17555,0
17595,0
16312,0
18232,0
18446,0
18204,0
17607,0
18945,0
22208,0
21574,0
17299,0
15515,0
13246,0
12328,0
15342,0
18730,0
23412,0
26340,0
27167,0
26279,0
23392,0
21571,0
23477,0
22612,0
21389,0
19575,0
18165,0
14923,0
11815,0
9024,0
7363,0
5812,0
4559,0
3673,0
2830,0
2374,0
2556,0
2456,0
2486,0
4451,0
6723,0
12501,0
14763,0
18127,0
20393,0
20753,0
20124,0
19253,0
17981,0
17720,0
16525,0
18153,0
18558,0
17652,0
17292,0
17551,0
17951,0
17909,0
17442,0
16533,0
14776,0
13462,0
16363,0
19310,0
22346,0
24408,0
26225,0
25423,0
23811,0
22028,0
24290,0
24835,0
24269,0
23526,0
21968,0
20137,0
16928,0
12753,0
10087,0
7881,0
6006,0
4382,0
3676,0
3214,0
3205,0
2849,0
2887,0
5039,0
7132,0
12095,0
14558,0
17298,0
19124,0
20407,0
19379,0
18867,0
17662,0
17447,0
16579,0
18340,0
18760,0
18457,0
17608,0
18913,0
19122,0
19547,0
17267,0
15916,0
13836,0
11985,0
14313,0
17988,0
21181,0
23539,0
24714,0
25079,0
23032,0
21168,0
25514,0
26286,0
25650,0
24850,0
23869,0
22913,0
20850,0
16734,0
14106,0
11587,0
8951,0
7199,0
6051,0
4693,0
4507,0
3791,0
3586,0
4918,0
7039,0
11262,0
13725,0
15899,0
17329,0
19757,0
19341,0
17660,0
16532,0
16354,0
16054,0
17326,0
17463,0
17091,0
16668,0
17096,0
17811,0
17980,0
17080,0
15185,0
13538,0
12704,0
15019,0
18778,0
21583,0
23834,0
25123,0
24762,0
22761,0
22227,0
23985,0
23788,0
23855,0
26040,0
25863,0
25851,0
26100,0
24625,0
22657,0
20289,0
18524,0
15943,0
13179,0
12423,0
10478,0
6556,0
4561,0
3513,0
3607,0
4781,0
5423,0
6669,0
7064,0
9363,0
10874,0
13255,0
13164,0
15159,0
16030,0
18256,0
17751,0
17675,0
18557,0
18389,0
17538,0
17506,0
17580,0
18027,0
16959,0
17066,0
18155,0
20610,0
20793,0
21584,0
23493,0
22555,0
20183,0
20441,0
21555,0
22406,0
22512,0
24667,0
25424,0
25852,0
25137,0
24099,0
23058,0
20786,0
19217,0
16329,0
14293,0
13193,0
11166,0
7518,0
4877,0
3639,0
3412,0
3827,0
3922,0
5241,0
5601,0
7147,0
8425,0
10951,0
11800,0
13936,0
14835,0
16412,0
16763,0
17613,0
17439,0
17921,0
18605,0
18113,0
17579,0
16927,0
16526,0
16956,0
17381,0
19232,0
19127,0
19404,0
18812,0
18253,0
16497,0
16681,0
17334,0
17674,0
16469,0
15128,0
13973,0
12040,0
9494,0
6963,0
5611,0
4140,0
3370,0
2625,0
2093,0
1854,0
2482,0
2529,0
2968,0
4540,0
6868,0
10765,0
13095,0
15651,0
17427,0
18637,0
18614,0
17187,0
15281,0
15505,0
15168,0
15813,0
15979,0
16314,0
16002,0
16845,0
17009,0
17302,0
16649,0
16857,0
15733,0
15537,0
17362,0
19639,0
22891,0
22920,0
22941,0
21849,0
20483,0
18868,0
20235,0
20658,0
20751,0
18642,0
16106,0
13303,0
10611,0
8009,0
6210,0
4830,0
3753,0
2962,0
2379,0
2114,0
2232,0
2090,0
2532,0
4492,0
6830,0
11269,0
13635,0
16356,0
18449,0
20054,0
19462,0
19016,0
17349,0
17684,0
17412,0
17854,0
18649,0
19970,0
19168,0
19270,0
19463,0
18999,0
17998,0
17209,0
15581,0
14846,0
17832,0
21545,0
24769,0
25573,0
26243,0
25057,0
23381,0
22148,0
24590,0
24168,0
23364,0
23272,0
19939,0
17316,0
13369,0
10390,0
7994,0
5889,0
4711,0
3757,0
3066,0
2647,0
2645,0
2411,0
2600,0
4483,0
6956,0
11788,0
14098,0
17141,0
19124,0
20604,0
20114,0
19641,0
18423,0
18480,0
18318,0
19378,0
19585,0
19614,0
19295,0
19850,0
20120,0
19621,0
18809,0
17731,0
15483,0
15112,0
18183,0
21187,0
24034,0
25411,0
26528,0
26022,0
23253,0
25665,0
26600,0
24757,0
24337,0
24294,0
22087,0
19064,0
15542,0
12026,0
8678,0
7042,0
5355,0
4129,0
3109,0
2534,0
2788,0
2507,0
2671,0
4445,0
7163,0
11942,0
14544,0
17435,0
19254,0
20518,0
20003,0
19642,0
17626,0
18194,0
16975,0
18125,0
18555,0
18356,0
17683,0
18298,0
18613,0
18548,0
17742,0
16312,0
14782,0
13614,0
16220,0
18901,0
21794,0
23933,0
25474,0
24985,0
22877,0
22518,0
25246,0
25871,0
25324,0
25738,0
24763,0
23158,0
20525,0
17608,0
14436,0
11145,0
8915,0
7244,0
5856,0
4953,0
4546,0
3589,0
3516,0
5087,0
7102,0
10887,0
12988,0
15831,0
17326,0
19179,0
18805,0
17730,0
16439,0
16401,0
16240,0
17487,0
17622,0
17313,0
16647,0
16627,0
17646,0
17694,0
17661,0
15842,0
14950,0
13473,0
16633,0
19501,0
22009,0
23891,0
25196,0
24427,0
22357,0
22460,0
24066,0
23690,0
24491,0
25737,0
26688,0
26230,0
26300,0
24337,0
23124,0
20675,0
18663,0
15997,0
13405,0
11921,0
10203,0
6543,0
4719,0
3853,0
4116,0
5274,0
5331,0
6830,0
7303,0
9704,0
11209,0
13874,0
14548,0
16204,0
16938,0
18696,0
17585,0
18538,0
18206,0
17532,0
17657,0
17943,0
17698,0
18074,0
16920,0
18262,0
19013,0
19902,0
20449,0
22190,0
23099,0
22128,0
20110,0
20261,0
22299,0
21886,0
22600,0
24667,0
25662,0
25832,0
25659,0
24748,0
22552,0
20712,0
19122,0
16777,0
14475,0
12720,0
11239,0
7087,0
4896,0
3818,0
3449,0
3883,0
3810,0
5059,0
5476,0
7083,0
8153,0
10647,0
11873,0
14193,0
14938,0
16488,0
16996,0
17381,0
18173,0
17651,0
18698,0
18260,0
18181,0
17413,0
17230,0
18275,0
18883,0
19851,0
19673,0
20508,0
19557,0
18268,0
16615,0
16969,0
18252,0
16920,0
16356,0
15567,0
14278,0
12786,0
10323,0
7645,0
6791,0
5394,0
3694,0
2713,0
2376,0
2146,0
2250,0
2370,0
2906,0
4477,0
6446,0
9332,0
10577,0
11765,0
13452,0
14290,0
15239,0
14926,0
14475,0
14435,0
14103,0
15124,0
15376,0
15758,0
14653,0
15786,0
15554,0
16332,0
15602,0
14931,0
13817,0
13611,0
14678,0
16669,0
18171,0
20033,0
20467,0
20263,0
18901,0
18249,0
18421,0
17932,0
17568,0
16656,0
15574,0
13310,0
10468,0
7932,0
6080,0
4735,0
3834,0
2746,0
2244,0
1940,0
2066,0
2046,0
2295,0
4533,0
6655,0
11415,0
13863,0
15517,0
17106,0
18521,0
18016,0
17448,0
16131,0
16534,0
15744,0
17039,0
17357,0
16841,0
16797,0
17226,0
17550,0
17336,0
17343,0
16601,0
15090,0
14130,0
16356,0
19357,0
22313,0
23636,0
24822,0
24550,0
22761,0
23119,0
23658,0
23853,0
22995,0
21708,0
20231,0
17264,0
13549,0
10142,0
7783,0
6011,0
4935,0
3668,0
3092,0
2577,0
2772,0
2637,0
2605,0
4449,0
6912,0
11909,0
14184,0
17246,0
18393,0
19797,0
19101,0
18889,0
16897,0
16922,0
16218,0
17511,0
17941,0
17203,0
16879,0
17733,0
17587,0
17564,0
17003,0
15725,0
13832,0
12826,0
15603,0
18935,0
21175,0
22980,0
24644,0
24938,0
24095,0
23952,0
24913,0
25138,0
24972,0
23605,0
22758,0
19560,0
15486,0
12362,0
9401,0
7131,0
5949,0
4722,0
3792,0
3266,0
3267,0
2605,0
2562,0
4595,0
7263,0
11825,0
13863,0
16898,0
18741,0
20117,0
19185,0
17821,0
16721,0
16869,0
16188,0
17325,0
17849,0
17746,0
17208,0
17848,0
18132,0
18019,0
17120,0
15410,0
13868,0
13146,0
15734,0
18139,0
20969,0
23287,0
24723,0
25186,0
24192,0
24605,0
25805,0
25969,0
25593,0
24695,0
24316,0
23050,0
20138,0
17252,0
14103,0
10859,0
9242,0
7122,0
5763,0
4912,0
4648,0
3673,0
3322,0
4968,0
7209,0
11113,0
13143,0
15932,0
17355,0
19462,0
18581,0
18123,0
16476,0
16964,0
16009,0
16890,0
17069,0
16779,0
16654,0
16580,0
17407,0
17037,0
16651,0
15324,0
12987,0
12845,0
15439,0
18280,0
20439,0
22588,0
24047,0
23745,0
22420,0
23260,0
23454,0
22822,0
23704,0
24940,0
25951,0
25479,0
25234,0
23378,0
22180,0
20497,0
18933,0
17041,0
14983,0
12488,0
10554,0
6425,0
4384,0
3611,0
3904,0
5204,0
5624,0
7264,0
7501,0
9344,0
10021,0
12227,0
12203,0
14669,0
14849,0
16363,0
16489,0
17237,0
17955,0
17713,0
17418,0
17679,0
18014,0
18031,0
17643,0
17167,0
18409,0
20034,0
21113,0
21487,0
22872,0
22995,0
20896,0
21411,0
21273,0
21628,0
21872,0
23457,0
24958,0
24984,0
24613,0
23468,0
22125,0
22220,0
20171,0
17690,0
14908,0
13465,0
11663,0
6997,0
4810,0
3650,0
3561,0
4060,0
4382,0
5741,0
6722,0
7857,0
8424,0
10636,0
11811,0
13776,0
14821,0
16169,0
16715,0
17652,0
17360,0
17167,0
18546,0
17882,0
17268,0
17322,0
16500,0
16446,0
17317,0
18472,0
19503,0
19622,0
18900,0
17188,0
16880,0
17035,0
16790,0
17007,0
15893,0
14672,0
12667,0
10905,0
8882,0
6896,0
5417,0
4245,0
3478,0
2525,0
2288,0
2114,0
2212,0
2303,0
2482,0
4420,0
6426,0
10775,0
12795,0
15762,0
17271,0
18418,0
18214,0
17223,0
15029,0
15614,0
15026,0
16170,0
16111,0
16049,0
16084,0
16640,0
16634,0
17210,0
16546,0
16798,0
15124,0
14870,0
16956,0
18613,0
21126,0
22510,0
22568,0
21668,0
21659,0
21278,0
21346,0
20247,0
19945,0
17601,0
15750,0
12897,0
10385,0
8125,0
6294,0
4485,0
3669,0
3097,0
2484,0
2011,0
2175,0
2108,0
2252,0
4131,0
6599,0
11040,0
13290,0
16754,0
18504,0
19897,0
19208,0
18253,0
16976,0
16888,0
16080,0
17328,0
17901,0
18121,0
17478,0
18616,0
18576,0
18465,0
17373,0
16457,0
14626,0
13466,0
16213,0
18715,0
21356,0
22899,0
23782,0
22778,0
22401,0
22986,0
23340,0
24046,0
22726,0
20819,0
19149,0
16406,0
13399,0
10273,0
7723,0
5860,0
4664,0
3875,0
3057,0
2675,0
2803,0
2364,0
2602,0
4488,0
6944,0
11761,0
14631,0
17455,0
19107,0
19737,0
18707,0
18466,0
16630,0
17291,0
15977,0
17643,0
17959,0
17652,0
17197,0
17949,0
17918,0
17534,0
17350,0
16327,0
14582,0
13374,0
16090,0
18989,0
21429,0
23892,0
24481,0
24197,0
23556,0
23555,0
24355,0
24699,0
23955,0
22754,0
21450,0
18427,0
15411,0
11851,0
9317,0
6973,0
5807,0
4812,0
3738,0
3108,0
3199,0
2642,0
2704,0
4812,0
6873,0
11765,0
13641,0
17052,0
18252,0
19400,0
18455,0
18277,0
16719,0
16764,0
16636,0
18205,0
18034,0
17700,0
16970,0
17983,0
18230,0
18073,0
17471,0
15872,0
13784,0
13341,0
15857,0
18396,0
21500,0
23368,0
24977,0
24747,0
23895,0
24153,0
24778,0
24533,0
24478,0
24253,0
23299,0
22155,0
19329,0
15933,0
13410,0
10614,0
8934,0
7079,0
5803,0
4992,0
4555,0
3601,0
3643,0
4924,0
6649,0
10748,0
12731,0
15178,0
16731,0
18521,0
17924,0
17129,0
15820,0
16405,0
15710,0
16406,0
17040,0
16998,0
16524,0
17157,0
17341,0
17716,0
17135,0
15591,0
13942,0
13215,0
16320,0
19539,0
21553,0
23100,0
24705,0
23913,0
22283,0
22808,0
22239,0
21989,0
22689,0
23756,0
24182,0
24184,0
23849,0
22495,0
20367,0
18368,0
17499,0
15607,0
13502,0
11670,0
9956,0
5950,0
4023,0
3499,0
3663,0
4608,0
5226,0
6154,0
7082,0
8917,0
9965,0
12488,0
12845,0
14960,0
15195,0
16331,0
16385,0
16704,0
17450,0
17458,0
16849,0
16880,0
16951,0
16926,0
16376,0
16454,0
17768,0
19335,0
20035,0
21023,0
21977,0
20987,0
19159,0
19801,0
20361,0
20651,0
20833,0
22467,0
23285,0
23652,0
23701,0
21532,0
20557,0
18415,0
17813,0
16223,0
13777,0
11818,0
10499,0
6180,0
4096,0
3476,0
3259,0
3468,0
3690,0
5047,0
5503,0
6667,0
8014,0
10532,0
11486,0
13733,0
14525,0
15314,0
16013,0
16268,0
16610,0
16496,0
16885,0
16396,0
15796,0
15545,0
15642,0
15531,0
16410,0
17684,0
17992,0
18285,0
17697,0
16452,0
16195,0
16545,0
15989,0
15763,0
14767,0
14157,0
12939,0
11801,0
9595,0
7267,0
5616,0
4253,0
3261,0
2770,0
2240,0
2084,0
2407,0
2262,0
2728,0
4273,0
6194,0
10158,0
12697,0
14281,0
16009,0
17659,0
17250,0
16687,0
14465,0
14373,0
14599,0
15212,0
16026,0
15526,0
15672,0
16419,0
16083,0
16352,0
16535,0
16248,0
14959,0
14201,0
16142,0
18163,0
20715,0
21256,0
21528,0
20720,0
20604,0
19786,0
19471,0
19116,0
18358,0
16440,0
14821,0
12022,0
9701,0
7757,0
6003,0
4648,0
3805,0
3093,0
2487,0
2164,0
2288,0
2083,0
2452,0
4282,0
6142,0
10744,0
13034,0
15724,0
18102,0
19748,0
18510,0
17502,0
15832,0
15940,0
15064,0
16927,0
16871,0
17325,0
16350,0
17244,0
18778,0
19036,0
18549,0
16263,0
13781,0
13197,0
14909,0
18695,0
21494,0
23426,0
25057,0
26062,0
20944,0
20583,0
22343,0
22704,0
20090,0
21338,0
18853,0
14548,0
12933,0
11301,0
8095,0
6266,0
4752,0
3446,0
2793,0
2333,0
2468,0
2059,0
2411,0
4204,0
6516,0
11706,0
14894,0
17894,0
18081,0
19597,0
19047,0
19060,0
17041,0
16354,0
15259,0
16470,0
17146,0
17220,0
16932,0
17515,0
17285,0
17467,0
16869,0
16383,0
14727,0
14059,0
16707,0
20486,0
22207,0
23183,0
24873,0
24028,0
22822,0
22831,0
23148,0
23005,0
23506,0
22493,0
20703,0
18013,0
14505,0
11389,0
8924,0
7135,0
5649,0
4544,0
3542,0
3086,0
3091,0
2590,0
2706,0
4336,0
6237,0
10724,0
13183,0
15723,0
17752,0
19645,0
18448,0
17796,0
16361,0
16636,0
15606,0
17003,0
17538,0
16979,0
16844,0
17372,0
17667,0
17859,0
17357,0
16100,0
14347,0
13630,0
16197,0
18210,0
21282,0
22623,0
24035,0
24056,0
23987,0
24289,0
24134,0
24141,0
24661,0
24114,0
23611,0
21287,0
19491,0
16128,0
13044,0
9984,0
8526,0
7009,0
5525,0
4688,0
4665,0
3542,0
3163,0
4547,0
6346,0
10699,0
12050,0
14555,0
16322,0
18762,0
18321,0
17235,0
15496,0
15859,0
15559,0
16873,0
17350,0
16611,0
16543,0
16753,0
17552,0
17361,0
16508,0
15776,0
14232,0
13784,0
16867,0
19906,0
21668,0
23098,0
24319,0
23800,0
22649,0
23190,0
22209,0
22105,0
23041,0
23974,0
24057,0
23997,0
23174,0
21534,0
20240,0
18434,0
17382,0
14870,0
12921,0
11258,0
9869,0
6061,0
4150,0
3688,0
3811,0
4938,0
5248,0
6972,0
7885,0
9526,0
10750,0
12899,0
12950,0
14145,0
14724,0
15667,0
16016,0
16245,0
17156,0
17194,0
16993,0
17286,0
17109,0
17115,0
16437,0
15986,0
17735,0
19247,0
20555,0
21424,0
22252,0
21379,0
20043,0
19941,0
19947,0
20601,0
21109,0
22185,0
22255,0
23286,0
23263,0
22356,0
20247,0
19261,0
18335,0
15881,0
14076,0
12215,0
10492,0
6297,0
4328,0
3426,0
3367,0
3930,0
3834,0
5166,0
6704,0
8252,0
8872,0
10157,0
11490,0
13701,0
14623,0
15373,0
15798,0
16478,0
16986,0
16375,0
17545,0
17532,0
16751,0
16425,0
16231,0
16257,0
16875,0
18041,0
18055,0
18276,0
18030,0
17081,0
16006,0
16544,0
16394,0
16467,0
15480,0
14150,0
12599,0
11942,0
9875,0
7581,0
5815,0
4164,0
3757,0
2863,0
2372,0
1951,0
2353,0
2332,0
2702,0
4271,0
6107,0
10069,0
11882,0
14095,0
15597,0
18046,0
17168,0
16333,0
14794,0
14653,0
14058,0
15162,0
15013,0
15376,0
14922,0
16122,0
16229,0
16481,0
16424,0
15719,0
15087,0
14465,0
16588,0
17923,0
20054,0
21402,0
21523,0
20447,0
20431,0
19708,0
19821,0
19291,0
18093,0
16177,0
14282,0
11852,0
9601,0
7532,0
5866,0
4515,0
3787,0
2947,0
2237,0
2022,0
2313,0
1932,0
2200,0
4019,0
5928,0
9987,0
12094,0
14716,0
16670,0
18950,0
17964,0
17783,0
15966,0
15946,0
15205,0
16175,0
16790,0
17284,0
16153,0
17673,0
18157,0
17858,0
17087,0
16385,0
15063,0
13909,0
16462,0
18855,0
21606,0
22910,0
23691,0
22752,0
22414,0
21896,0
21887,0
21845,0
21436,0
19787,0
18369,0
15132,0
12168,0
9288,0
7465,0
5656,0
4693,0
3694,0
3027,0
2587,0
2733,0
2216,0
2289,0
3937,0
5718,0
10053,0
12154,0
15289,0
17424,0
19403,0
18488,0
17881,0
16397,0
16319,0
15923,0
17200,0
17140,0
17422,0
17393,0
17612,0
17475,0
17685,0
16765,0
15701,0
14276,0
13715,0
15577,0
18831,0
21971,0
23814,0
24147,0
23300,0
23237,0
23018,0
22814,0
22716,0
22838,0
21546,0
19205,0
17041,0
14569,0
11396,0
8719,0
6717,0
5410,0
4458,0
3703,0
3166,0
3256,0
2805,0
3067,0
4424,0
6076,0
10251,0
12400,0
15229,0
17252,0
19332,0
18249,0
18059,0
15889,0
16234,0
15730,0
16578,0
17363,0
16708,0
16809,0
17193,0
18105,0
19035,0
17230,0
15928,0
14180,0
13252,0
15256,0
17773,0
21104,0
23557,0
24797,0
24794,0
24154,0
24501,0
24042,0
24125,0
23970,0
25949,0
25094,0
23295,0
20552,0
16266,0
13365,0
10287,0
7901,0
6235,0
4869,0
3995,0
3734,0
3190,0
2878,0
4020,0
6062,0
9502,0
11446,0
13665,0
15257,0
17391,0
16922,0
16227,0
15185,0
15390,0
14725,0
15415,0
15729,0
16131,0
16058,0
16015,0
16749,0
16857,0
16588,0
15430,0
14186,0
13756,0
15596,0
17743,0
19439,0
21047,0
22647,0
21734,0
21394,0
20208,0
20329,0
20221,0
20945,0
22327,0
22765,0
22852,0
22726,0
21079,0
19166,0
17719,0
16471,0
14158,0
12730,0
10984,0
9409,0
5667,0
3879,0
3398,0
3683,0
4437,0
4732,0
6130,0
6492,0
8397,0
9673,0
11493,0
11723,0
14060,0
14204,0
15542,0
15446,0
15993,0
16206,0
16531,0
15717,0
15964,0
15868,0
16012,0
16200,0
15778,0
16268,0
18160,0
19155,0
20365,0
21278,0
20466,0
20057,0
23457,0
18798,0
19387,0
19998,0
21426,0
22449,0
22640,0
22666,0
21430,0
20015,0
18791,0
17683,0
15830,0
13862,0
11961,0
10153,0
6051,0
3848,0
2948,0
3143,0
3505,0
3812,0
4939,0
5442,0
6630,0
7744,0
10198,0
11041,0
13200,0
14107,0
15069,0
15638,0
15464,0
15901,0
16001,0
16492,0
16166,0
15531,0
15655,0
15040,0
15083,0
16229,0
17409,0
17288,0
17242,0
17129,0
16103,0
16485,0
16190,0
15500,0
15128,0
14489,0
13947,0
12525,0
11899,0
9192,0
6886,0
4888,0
4138,0
3366,0
2698,0
2290,0
2009,0
2265,0
2213,0
2450,0
3829,0
5933,0
9356,0
11482,0
13178,0
14803,0
16826,0
16649,0
15422,0
13996,0
13682,0
13297,0
14284,0
14435,0
14612,0
14814,0
15398,0
15511,0
15828,0
15396,0
15109,0
14787,0
14532,0
16387,0
18242,0
19715,0
20288,0
20761,0
19466,0
19670,0
18802,0
18709,0
17186,0
16500,0
15616,0
13902,0
11077,0
9618,0
7193,0
5665,0
4149,0
3502,0
2634,0
2100,0
1985,0
2053,0
1841,0
1909,0
3547,0
5829,0
9599,0
11323,0
13923,0
16029,0
18308,0
17153,0
16723,0
15360,0
16066,0
14643,0
15960,0
16351,0
16173,0
15659,0
17346,0
17145,0
16896,0
16746,0
15797,0
14202,0
14083,0
16074,0
18329,0
20961,0
22545,0
22067,0
21416,0
21484,0
20731,0
20969,0
20820,0
19650,0
18240,0
17133,0
14907,0
11703,0
8521,0
6962,0
5451,0
4439,0
3436,0
2741,0
2311,0
2532,0
2066,0
2111,0
3623,0
5719,0
9376,0
11971,0
14673,0
16545,0
18678,0
17655,0
17485,0
15834,0
15703,0
15816,0
16870,0
17123,0
16841,0
16700,0
17722,0
17849,0
18221,0
17208,0
16318,0
14910,0
14145,0
16330,0
19328,0
21226,0
23109,0
24206,0
23297,0
23493,0
22794,0
22502,0
22337,0
24446,0
20929,0
17937,0
16036,0
13547,0
10363,0
8553,0
6457,0
5248,0
3879,0
3173,0
2653,0
2858,0
2244,0
2312,0
3859,0
5772,0
9391,0
11375,0
14319,0
16103,0
18835,0
17891,0
17000,0
15534,0
15916,0
15153,0
16440,0
16424,0
16093,0
16178,0
17050,0
16795,0
17547,0
16769,0
15701,0
14067,0
13534,0
15939,0
18560,0
21029,0
22181,0
22860,0
22742,0
22569,0
22184,0
21926,0
22510,0
22350,0
21756,0
20994,0
19084,0
16702,0
13985,0
11632,0
9900,0
8443,0
6546,0
5270,0
4521,0
4369,0
3409,0
2967,0
4444,0
5712,0
9008,0
10312,0
12809,0
13491,0
16417,0
15906,0
15249,0
14367,0
14667,0
14738,0
16134,0
16343,0
15908,0
16700,0
16712,0
17394,0
17680,0
17495,0
15984,0
14946,0
14572,0
16880,0
19398,0
20797,0
21449,0
22077,0
21483,0
20415,0
20436,0
19315,0
19328,0
19660,0
21469,0
20853,0
21452,0
20564,0
19267,0
17439,0
14848,0
13900,0
12731,0
10776,0
9550,0
8605,0
5547,0
3605,0
3238,0
3520,0
4315,0
5116,0
5918,0
6383,0
8259,0
9430,0
11656,0
11833,0
13393,0
13778,0
15204,0
15367,0
15775,0
16045,0
16499,0
16113,0
16651,0
16507,0
16868,0
15594,0
16037,0
16973,0
18390,0
18681,0
19196,0
19744,0
19564,0
17522,0
17731,0
17364,0
17483,0
18037,0
19559,0
19421,0
19857,0
19205,0
18139,0
16686,0
14841,0
14018,0
12187,0
10536,0
9591,0
8665,0
5317,0
3597,0
2783,0
2587,0
2914,0
3167,0
4212,0
4502,0
5730,0
7102,0
9054,0
10152,0
13059,0
13923,0
14755,0
15186,0
16404,0
16652,0
17446,0
17493,0
17264,0
16546,0
17090,0
17297,0
16546,0
16474,0
16959,0
16567,0
17590,0
17053,0
16561,0
16870,0
16514,0
15871,0
15529,0
15049,0
15675,0
15673,0
15524,0
14618,0
12908,0
10842,0
9248,0
8588,0
7631,0
6519,0
5657,0
5214,0
3827,0
2939,0
2872,0
2994,0
3708,0
3547,0
4761,0
5038,0
5875,0
6910,0
8800,0
9782,0
11506,0
12291,0
13600,0
14040,0
15063,0
15073,0
15834,0
16567,0
16955,0
17408,0
16857,0
16002,0
15826,0
16961,0
17779,0
17578,0
17777,0
17764,0
17130,0
16641,0
16884,0
15068,0
15557,0
13766,0
13377,0
11025,0
9707,0
8043,0
5630,0
4347,0
3606,0
2588,0
1969,0
1876,0
1431,0
1752,0
2044,0
2447,0
4617,0
6988,0
11616,0
14774,0
17823,0
18623,0
18814,0
19221,0
18627,0
16650,0
17378,0
16414,0
17230,0
17557,0
18262,0
17698,0
18863,0
18234,0
18514,0
18364,0
17952,0
15781,0
14487,0
16062,0
18952,0
21395,0
23040,0
22890,0
22306,0
21704,0
20543,0
19896,0
19857,0
17841,0
16192,0
14116,0
12865,0
10465,0
8215,0
6481,0
4265,0
3434,0
2726,0
2358,0
2019,0
2137,0
1903,0
2252,0
4206,0
6545,0
11780,0
14707,0
18624,0
19178,0
20265,0
19277,0
19042,0
18108,0
18275,0
17300,0
18631,0
18582,0
18037,0
17899,0
18984,0
18491,0
19072,0
18693,0
17268,0
15918,0
14478,0
16540,0
19765,0
22526,0
23454,0
24380,0
24477,0
24234,0
23319,0
23387,0
22963,0
22006,0
20301,0
18259,0
15608,0
12990,0
10273,0
8434,0
6378,0
5549,0
4131,0
3241,0
2410,0
2804,0
2320,0
2431,0
4222,0
6633,0
12006,0
15589,0
20359,0
20593,0
19590,0
19637,0
19026,0
18629,0
18568,0
18041,0
18695,0
19692,0
19173,0
17824,0
19684,0
20139,0
20320,0
19468,0
17391,0
15218,0
13649,0
16052,0
18987,0
21967,0
24107,0
25260,0
25638,0
26045,0
25045,0
24846,0
24703,0
24863,0
23610,0
21637,0
21643,0
18962,0
15475,0
11955,0
9339,0
7967,0
6372,0
5132,0
4357,0
4305,0
3195,0
2878,0
4762,0
7294,0
12886,0
15820,0
19874,0
20367,0
20091,0
19600,0
19283,0
18413,0
18745,0
17998,0
19325,0
19004,0
18450,0
18029,0
18057,0
19315,0
20057,0
19211,0
16903,0
15288,0
13729,0
17003,0
20142,0
23177,0
25036,0
27337,0
26812,0
26592,0
26243,0
25919,0
25898,0
26603,0
26899,0
26900,0
26763,0
25721,0
24590,0
22118,0
20378,0
19093,0
16717,0
14043,0
12077,0
10212,0
6328,0
4440,0
3603,0
3781,0
4846,0
5444,0
7701,0
8375,0
11334,0
12747,0
15930,0
16567,0
18716,0
18722,0
20103,0
20287,0
21127,0
21259,0
21946,0
21655,0
21830,0
22886,0
20736,0
18209,0
17090,0
19270,0
22270,0
24264,0
25210,0
25976,0
25765,0
24487,0
23499,0
23210,0
23487,0
24515,0
30313,0
30373,0
28464,0
25818,0
24635,0
23410,0
21481,0
19800,0
17674,0
15215,0
13501,0
10896,0
6766,0
4261,0
3415,0
3220,0
4160,0
4345,0
5963,0
6887,0
8834,0
10042,0
13188,0
14600,0
18209,0
18446,0
20350,0
20838,0
22183,0
20582,0
20506,0
20109,0
20198,0
18873,0
19041,0
19295,0
18868,0
18851,0
20518,0
21710,0
20895,0
20761,0
19916,0
19740,0
18975,0
17866,0
17750,0
16820,0
15292,0
13219,0
12246,0
9733,0
7542,0
5518,0
4348,0
3828,0
3083,0
2583,0
2328,0
2523,0
2579,0
2901,0
4963,0
7013,0
11830,0
14665,0
18099,0
18601,0
18329,0
18506,0
17983,0
16869,0
16771,0
16010,0
17370,0
17526,0
17910,0
16565,0
18380,0
18294,0
19585,0
19323,0
18113,0
16472,0
16007,0
18299,0
20385,0
22906,0
24153,0
24545,0
23635,0
23773,0
23212,0
21918,0
21096,0
21563,0
17989,0
15442,0
12815,0
10436,0
8092,0
6061,0
5058,0
4073,0
3310,0
2623,0
2364,0
2333,0
2287,0
2444,0
4427,0
6661,0
12136,0
15910,0
20003,0
19956,0
19897,0
18719,0
18485,0
17235,0
17705,0
17089,0
18334,0
18564,0
18599,0
17715,0
18692,0
19276,0
20557,0
19505,0
16820,0
14005,0
13683,0
16918,0
20051,0
22624,0
23987,0
24069,0
24933,0
24928,0
24390,0
24199,0
24277,0
23154,0
21090,0
18854,0
16194,0
13226,0
9866,0
8085,0
6177,0
5324,0
4177,0
3464,0
2855,0
2850,0
2361,0
2675,0
4589,0
6868,0
12256,0
16024,0
20193,0
20747,0
20007,0
18782,0
18657,0
17331,0
17989,0
17529,0
18953,0
18567,0
17872,0
17411,0
18792,0
18899,0
19548,0
19093,0
16956,0
14987,0
13895,0
17078,0
20224,0
22805,0
24418,0
25720,0
25891,0
26138,0
25149,0
24908,0
24260,0
24620,0
22813,0
20948,0
18271,0
14939,0
11332,0
8890,0
6980,0
5659,0
4679,0
3550,0
2761,0
3009,0
2596,0
2755,0
4554,0
6964,0
12814,0
16360,0
20658,0
21352,0
20521,0
19759,0
19670,0
18301,0
17768,0
16583,0
18179,0
18896,0
18611,0
17662,0
19057,0
18951,0
19997,0
19260,0
17088,0
15367,0
13915,0
17107,0
20299,0
23029,0
24408,0
25778,0
26274,0
26475,0
25326,0
24557,0
24984,0
25001,0
24112,0
23100,0
20158,0
17954,0
14466,0
11632,0
9400,0
7816,0
6678,0
5499,0
4088,0
4312,0
3433,0
3156,0
4545,0
6802,0
11555,0
15447,0
20385,0
20562,0
20191,0
19405,0
18903,0
17251,0
17874,0
17024,0
18267,0
18351,0
17253,0
17098,0
17885,0
18868,0
19352,0
18035,0
15737,0
14420,0
13148,0
16354,0
20087,0
22814,0
25027,0
25983,0
27090,0
26622,0
25560,0
25141,0
25495,0
26737,0
26657,0
27379,0
27284,0
26227,0
24744,0
23304,0
21293,0
19870,0
17657,0
15100,0
12932,0
10574,0
6546,0
4531,0
3807,0
3672,0
5070,0
5484,0
7528,0
8713,0
11686,0
12432,0
16216,0
16126,0
18527,0
18755,0
20352,0
21020,0
20732,0
21345,0
21500,0
20453,0
23821,0
26150,0
24051,0
19433,0
17521,0
19137,0
22602,0
25039,0
25988,0
26920,0
26845,0
26733,0
24954,0
22317,0
22581,0
23544,0
25662,0
26615,0
27542,0
27320,0
25627,0
23964,0
22332,0
20620,0
18567,0
15772,0
13346,0
11616,0
6999,0
4273,0
3568,0
4209,0
4684,0
4527,0
6231,0
7725,0
10159,0
11013,0
14091,0
15480,0
18669,0
18796,0
20213,0
20410,0
21782,0
20634,0
20061,0
19774,0
20069,0
19417,0
19363,0
19206,0
18284,0
19503,0
20621,0
21554,0
21538,0
20589,0
20391,0
19593,0
18439,0
17587,0
17638,0
15698,0
14343,0
12808,0
10827,0
8077,0
6261,0
4724,0
3852,0
3132,0
2606,0
1975,0
1896,0
2310,0
2388,0
2778,0
4775,0
7022,0
11923,0
14969,0
17943,0
18886,0
18711,0
18012,0
17214,0
16337,0
16157,0
15487,0
16741,0
16793,0
16685,0
15824,0
17040,0
17360,0
18501,0
18143,0
16972,0
16098,0
15878,0
18183,0
20482,0
23314,0
24477,0
24387,0
24193,0
24388,0
22725,0
21907,0
21789,0
20289,0
16585,0
14423,0
12432,0
9359,0
7247,0
5659,0
4155,0
3369,0
2617,0
2214,0
1871,0
2101,0
2016,0
2334,0
4141,0
6465,0
11772,0
16219,0
21253,0
22609,0
21527,0
20975,0
19673,0
18065,0
18948,0
18111,0
17622,0
17320,0
16939,0
16404,0
17247,0
17782,0
18554,0
18680,0
16755,0
14825,0
13975,0
17093,0
19977,0
22922,0
24364,0
24630,0
25234,0
24839,0
24161,0
24550,0
23734,0
22366,0
20411,0
17774,0
14027,0
11590,0
8440,0
6881,0
4920,0
4097,0
3159,0
2653,0
2347,0
2387,0
2194,0
2479,0
4554,0
6775,0
12311,0
15989,0
20058,0
20361,0
20172,0
18974,0
17732,0
17336,0
17321,0
16872,0
18295,0
18273,0
17275,0
17095,0
17715,0
18451,0
18612,0
18148,0
16473,0
14474,0
13434,0
16229,0
19852,0
22394,0
24618,0
25838,0
25496,0
24980,0
23545,0
23847,0
24236,0
23551,0
22454,0
20389,0
17673,0
13651,0
10769,0
8102,0
6196,0
5249,0
3850,0
3150,0
2584,0
2770,0
2477,0
2678,0
4506,0
7292,0
12449,0
16418,0
20080,0
20693,0
19988,0
19313,0
18918,0
17790,0
18028,0
17242,0
18279,0
18118,0
17858,0
17635,0
18265,0
18676,0
18686,0
18134,0
15579,0
13635,0
12689,0
15756,0
19691,0
21487,0
22751,0
24126,0
24956,0
26003,0
25167,0
25659,0
25536,0
25761,0
25212,0
23548,0
22005,0
19518,0
15755,0
12747,0
10116,0
8379,0
6566,0
5478,0
4552,0
4546,0
3489,0
3269,0
4799,0
7384,0
11928,0
15434,0
19509,0
19672,0
19287,0
18369,0
18050,0
17306,0
17661,0
17158,0
18215,0
18175,0
17568,0
17079,0
17287,0
17885,0
18287,0
17782,0
16021,0
14205,0
12834,0
16332,0
19704,0
22931,0
25328,0
26188,0
27541,0
26811,0
26093,0
26091,0
26247,0
27090,0
27681,0
27159,0
26816,0
25251,0
23375,0
21806,0
20635,0
19322,0
16841,0
14744,0
12309,0
10242,0
6470,0
4374,0
3435,0
3789,0
4454,0
5381,0
7585,0
8782,0
11824,0
12587,0
15795,0
16088,0
18430,0
18543,0
20332,0
19797,0
20601,0
20823,0
21182,0
20742,0
20477,0
20654,0
20386,0
18174,0
16690,0
18151,0
21330,0
23268,0
25025,0
25816,0
25694,0
24693,0
24187,0
23820,0
24549,0
25442,0
25914,0
26329,0
26618,0
26477,0
25461,0
25371,0
21726,0
20737,0
18852,0
16474,0
13647,0
11793,0
7142,0
4611,0
3474,0
4131,0
4395,0
4443,0
6155,0
6827,0
9510,0
10785,0
13570,0
14691,0
17071,0
17457,0
17961,0
17900,0
18347,0
17302,0
16009,0
15427,0
14986,0
14381,0
13763,0
13163,0
11940,0
13536,0
15175,0
16406,0
17318,0
17588,0
17895,0
18084,0
16972,0
16389,0
15846,0
15329,0
14446,0
12721,0
10826,0
9067,0
6546,0
4580,0
3654,0
3137,0
2610,0
2061,0
1959,0
2356,0
2400,0
2911,0
4833,0
7398,0
11809,0
14495,0
16812,0
17569,0
16738,0
16612,0
15702,0
14817,0
14668,0
14458,0
15475,0
15539,0
15345,0
15222,0
15213,0
16167,0
16210,0
16393,0
14797,0
13755,0
13960,0
16248,0
18272,0
20440,0
21524,0
21828,0
22825,0
22647,0
22210,0
22426,0
20839,0
20239,0
18144,0
15459,0
13766,0
11187,0
8959,0
7101,0
4710,0
3571,0
2765,0
2101,0
1867,0
2126,0
2082,0
2393,0
4443,0
7297,0
12466,0
15547,0
18160,0
18295,0
17794,0
16541,0
16239,0
15239,0
15153,0
14168,0
14872,0
15293,0
14971,0
14359,0
14486,0
14471,0
14920,0
14411,0
13573,0
11876,0
11040,0
13441,0
16163,0
19059,0
19621,0
21616,0
23427,0
23735,0
23354,0
23391,0
23228,0
21882,0
21221,0
18922,0
15473,0
12457,0
9497,0
7073,0
5496,0
4477,0
3527,0
2971,0
2660,0
2497,0
2250,0
2594,0
4316,0
7112,0
12119,0
15652,0
18565,0
18437,0
17831,0
17103,0
16446,0
15593,0
15353,0
15105,0
16058,0
16475,0
16226,0
15766,0
16242,0
16976,0
17117,0
16910,0
14845,0
12840,0
12913,0
15736,0
18396,0
21170,0
21255,0
22014,0
22334,0
21426,0
21152,0
22304,0
22947,0
22195,0
21592,0
18884,0
15885,0
12556,0
10023,0
7320,0
6007,0
4886,0
4068,0
3170,0
2671,0
2844,0
2430,0
2534,0
4193,0
6274,0
11614,0
14471,0
17184,0
18428,0
18257,0
17375,0
18079,0
17902,0
17934,0
16311,0
16460,0
17383,0
16931,0
17236,0
17120,0
16635,0
16048,0
15553,0
14421,0
13456,0
12820,0
16109,0
19198,0
21302,0
22657,0
23276,0
23723,0
23021,0
21823,0
21666,0
22491,0
22004,0
23595,0
22090,0
20296,0
16288,0
13049,0
10504,0
8423,0
7090,0
5920,0
4849,0
4102,0
4093,0
3162,0
2939,0
4012,0
6627,0
10911,0
13043,0
16141,0
16551,0
17566,0
16839,0
16706,0
15946,0
16319,0
15319,0
16456,0
16719,0
16157,0
15798,0
16747,0
16855,0
17441,0
16769,0
15274,0
14150,0
13382,0
16018,0
19412,0
22047,0
23843,0
24816,0
25433,0
25249,0
24492,0
24332,0
24473,0
25932,0
25931,0
26479,0
25878,0
25100,0
23886,0
22982,0
20541,0
18970,0
17433,0
14547,0
12694,0
10374,0
6339,0
4313,0
3538,0
3709,0
5311,0
5974,0
8183,0
8942,0
11805,0
12261,0
15226,0
15802,0
17334,0
18070,0
20105,0
20138,0
19968,0
20411,0
20317,0
19930,0
20502,0
19916,0
19259,0
17572,0
15629,0
17721,0
21308,0
23297,0
24024,0
24925,0
25418,0
23601,0
23219,0
22544,0
23273,0
25131,0
26895,0
27936,0
28113,0
27269,0
26320,0
24571,0
22698,0
20948,0
18561,0
16218,0
13873,0
11926,0
7361,0
4330,0
3681,0
3886,0
4600,0
4930,0
6204,0
7212,0
9136,0
10287,0
12808,0
13952,0
16763,0
17356,0
19238,0
19607,0
20310,0
20033,0
19595,0
19871,0
19819,0
18620,0
18657,0
17688,0
16927,0
17637,0
19283,0
20448,0
19638,0
19509,0
18936,0
18188,0
16594,0
16330,0
16075,0
14977,0
13503,0
12052,0
10779,0
8332,0
6357,0
4958,0
3461,0
3253,0
2493,0
1993,0
1839,0
2275,0
2280,0
2986,0
4608,0
7253,0
11360,0
14157,0
16864,0
17399,0
16671,0
15478,0
14677,0
14935,0
15392,0
15147,0
16345,0
16382,0
15798,0
15584,0
16544,0
17377,0
18345,0
18004,0
16863,0
15714,0
14743,0
17579,0
21604,0
23120,0
22717,0
22757,0
22311,0
21642,0
20568,0
19969,0
19484,0
17993,0
17446,0
13722,0
11549,0
9459,0
6800,0
5323,0
3976,0
3279,0
2617,0
2010,0
1853,0
2150,0
2019,0
2414,0
4193,0
6473,0
11500,0
14892,0
19148,0
19942,0
19874,0
18453,0
18316,0
16768,0
16430,0
16035,0
17493,0
17298,0
16790,0
15966,0
17428,0
18268,0
18462,0
18361,0
16495,0
14614,0
14124,0
17230,0
20123,0
22947,0
23715,0
24428,0
24482,0
24208,0
23513,0
24049,0
23634,0
22175,0
20697,0
17890,0
15516,0
12751,0
8767,0
7005,0
5257,0
4189,0
3236,0
2817,0
2527,0
2406,0
1961,0
2478,0
4483,0
7002,0
11917,0
15929,0
20327,0
20974,0
20999,0
19639,0
19221,0
17308,0
17140,0
16773,0
19397,0
18697,0
18042,0
17332,0
17585,0
18263,0
18842,0
18583,0
17301,0
15060,0
14201,0
16655,0
19964,0
22960,0
23759,0
25024,0
25414,0
24917,0
24348,0
24248,0
24669,0
23132,0
22753,0
20371,0
17313,0
13534,0
10485,0
7944,0
6030,0
4867,0
3812,0
3251,0
2738,0
2755,0
2221,0
2363,0
4351,0
6835,0
11982,0
15844,0
19853,0
20187,0
20480,0
19531,0
18873,0
17534,0
17803,0
16994,0
18149,0
18251,0
17723,0
17104,0
18124,0
18680,0
19364,0
19044,0
16883,0
14389,0
13866,0
17005,0
20674,0
22678,0
23225,0
25012,0
25574,0
25301,0
25391,0
25520,0
25582,0
24848,0
24100,0
23336,0
21549,0
18003,0
15266,0
12130,0
9847,0
8022,0
6508,0
5309,0
4339,0
4202,0
3358,0
3083,0
4391,0
6769,0
11309,0
14866,0
18942,0
19693,0
19776,0
19309,0
18801,0
17108,0
16952,0
17108,0
17927,0
18426,0
17340,0
17150,0
17581,0
18924,0
19602,0
18893,0
16691,0
15332,0
14661,0
18110,0
22624,0
25209,0
24975,0
26477,0
27165,0
25960,0
25435,0
24847,0
25174,0
25419,0
25904,0
24543,0
24513,0
23316,0
22311,0
20470,0
18629,0
17120,0
15544,0
14012,0
11425,0
9541,0
5912,0
3832,0
3230,0
3425,0
4159,0
4720,0
5848,0
6901,0
9611,0
11626,0
14814,0
16839,0
18245,0
18230,0
18322,0
18541,0
18062,0
18008,0
18784,0
17708,0
17998,0
18033,0
17851,0
17046,0
17241,0
19295,0
21740,0
22729,0
23854,0
25857,0
26490,0
24115,0
23384,0
23515,0
24476,0
24455,0
25474,0
25811,0
25847,0
25224,0
23248,0
22772,0
20671,0
19208,0
17300,0
15260,0
12970,0
11168,0
6678,0
4321,0
3259,0
3277,0
4072,0
4566,0
5973,0
7209,0
8999,0
10669,0
12678,0
14511,0
16953,0
17817,0
18894,0
18505,0
19227,0
18361,0
18014,0
17486,0
17816,0
17364,0
16871,0
15497,0
15185,0
16114,0
18312,0
19793,0
19706,0
20198,0
19790,0
18192,0
17701,0
16484,0
16626,0
14889,0
14114,0
11870,0
10041,0
7997,0
5689,0
4351,0
3348,0
2809,0
2193,0
1752,0
1731,0
1994,0
2178,0
2787,0
4578,0
6816,0
11243,0
14265,0
17395,0
18327,0
17729,0
17870,0
16982,0
15335,0
15998,0
15414,0
16233,0
16499,0
16380,0
15414,0
16720,0
17137,0
18046,0
18110,0
17087,0
15794,0
15965,0
18732,0
21107,0
23450,0
24200,0
24518,0
23704,0
22112,0
20986,0
21032,0
19963,0
18986,0
17125,0
15528,0
11610,0
9469,0
6605,0
5283,0
4152,0
3319,0
2432,0
1968,0
1769,0
2018,0
1933,0
2240,0
4305,0
6719,0
11392,0
14960,0
18975,0
19602,0
19572,0
18772,0
17757,0
16706,0
16601,0
15673,0
16929,0
17435,0
16953,0
16417,0
17022,0
17540,0
18417,0
18698,0
16193,0
14544,0
13864,0
17041,0
20434,0
23029,0
23711,0
24817,0
24933,0
24002,0
23651,0
23764,0
23224,0
22020,0
22214,0
21446,0
15974,0
12484,0
9130,0
6693,0
5333,0
3820,0
3065,0
2511,0
2299,0
2318,0
2125,0
2484,0
4358,0
6790,0
11660,0
15780,0
19516,0
20307,0
19954,0
18254,0
18010,0
17206,0
17213,0
16691,0
18259,0
18151,0
17555,0
16944,0
17728,0
18074,0
18993,0
18695,0
17191,0
15023,0
14164,0
17004,0
20361,0
23633,0
24661,0
25754,0
25671,0
25156,0
24961,0
24938,0
24851,0
24683,0
23411,0
20599,0
17147,0
13602,0
10452,0
7836,0
6040,0
4981,0
3613,0
2923,0
2632,0
2912,0
2577,0
2921,0
4679,0
6693,0
12140,0
15534,0
19974,0
20533,0
19988,0
19239,0
18788,0
17934,0
18048,0
17415,0
18292,0
18506,0
18180,0
17401,0
18973,0
19361,0
19722,0
19572,0
17500,0
15213,0
14457,0
17736,0
21319,0
23270,0
24892,0
26555,0
26743,0
26376,0
26311,0
26179,0
26774,0
26449,0
25459,0
23927,0
21851,0
18756,0
14990,0
13865,0
10263,0
7873,0
6480,0
5094,0
4217,0
4289,0
3640,0
3376,0
5145,0
7144,0
11739,0
15197,0
19716,0
20851,0
20463,0
19658,0
19287,0
17986,0
17776,0
17735,0
18716,0
19032,0
17702,0
17023,0
18352,0
19791,0
20131,0
18645,0
16572,0
14736,0
13731,0
17166,0
20392,0
22838,0
23791,0
25914,0
26355,0
25656,0
25449,0
25448,0
25823,0
25813,0
26407,0
26898,0
26587,0
25257,0
23717,0
22541,0
19773,0
19652,0
16294,0
13968,0
12000,0
10432,0
6402,0
4443,0
3481,0
3971,0
5191,0
6434,0
8435,0
10255,0
13847,0
14970,0
18403,0
19338,0
21107,0
20821,0
21854,0
21813,0
22250,0
21450,0
21271,0
20595,0
20863,0
20262,0
21024,0
19141,0
17903,0
19903,0
22820,0
24243,0
25880,0
26756,0
26593,0
25248,0
23934,0
23401,0
24145,0
25308,0
26284,0
27136,0
27099,0
26610,0
25400,0
23992,0
22359,0
21054,0
18812,0
16584,0
14204,0
11990,0
7092,0
4311,0
3844,0
3796,0
4755,0
4491,0
5559,0
6959,0
9127,0
11015,0
13961,0
15445,0
17923,0
18438,0
19592,0
19733,0
19766,0
19809,0
19242,0
18990,0
18676,0
18037,0
16660,0
15948,0
15261,0
17141,0
19085,0
20188,0
20512,0
20723,0
20415,0
19483,0
19008,0
17958,0
18341,0
18181,0
17069,0
15057,0
13867,0
11544,0
9016,0
6739,0
5420,0
4584,0
3787,0
3018,0
2667,0
2981,0
2756,0
2712,0
3798,0
5117,0
7727,0
9655,0
12109,0
13484,0
15506,0
15325,0
15924,0
14830,0
14907,0
14796,0
15699,0
15705,0
15880,0
15693,0
16643,0
16929,0
17698,0
17429,0
17248,0
16219,0
15918,0
17780,0
19414,0
21594,0
24915,0
24556,0
22341,0
22343,0
21619,0
21315,0
19821,0
17669,0
15504,0
14525,0
10738,0
8908,0
6593,0
5560,0
4014,0
3046,0
2349,0
1876,0
1691,0
1941,0
1850,0
2318,0
4337,0
6669,0
11585,0
15170,0
19136,0
20085,0
19758,0
18842,0
18530,0
16617,0
17458,0
16359,0
17483,0
17600,0
17552,0
17058,0
17658,0
18319,0
18818,0
18735,0
17254,0
15022,0
14365,0
16300,0
19687,0
22620,0
23309,0
23636,0
23752,0
23095,0
23108,0
23221,0
23581,0
22249,0
19533,0
17226,0
13935,0
11429,0
8486,0
6484,0
5093,0
4018,0
3218,0
2536,0
2219,0
2171,0
2268,0
2437,0
4569,0
6862,0
11924,0
15860,0
19821,0
20508,0
20540,0
19590,0
18480,0
17330,0
18508,0
17354,0
18552,0
18241,0
18475,0
17939,0
18398,0
18875,0
19559,0
19133,0
16816,0
14757,0
14470,0
17800,0
21127,0
22269,0
22819,0
23582,0
26273,0
25338,0
24021,0
26163,0
23839,0
22608,0
24886,0
20128,0
16180,0
13302,0
10509,0
8241,0
5536,0
4664,0
3460,0
2799,0
2730,0
2801,0
2511,0
2670,0
4767,0
7096,0
12556,0
16431,0
21581,0
21355,0
21573,0
20390,0
20452,0
19678,0
18801,0
17223,0
18249,0
17691,0
17052,0
16783,0
18392,0
18593,0
19364,0
19176,0
16795,0
15293,0
14922,0
17899,0
21758,0
24169,0
24615,0
26370,0
26990,0
26168,0
25449,0
25994,0
27115,0
26191,0
25146,0
24371,0
23771,0
19268,0
15623,0
12595,0
10224,0
7941,0
6678,0
5182,0
4502,0
4316,0
3512,0
3174,0
4771,0
6557,0
11929,0
14950,0
19835,0
20149,0
19998,0
19310,0
18601,0
17567,0
17890,0
17470,0
18557,0
18944,0
17922,0
17627,0
18361,0
19557,0
19811,0
19277,0
16741,0
14948,0
14244,0
17563,0
21246,0
23115,0
24785,0
26396,0
26837,0
26621,0
26144,0
26019,0
26816,0
26701,0
26519,0
26740,0
26173,0
25059,0
24437,0
22718,0
20700,0
19623,0
16675,0
14447,0
12377,0
10609,0
6436,0
4562,0
3783,0
3923,0
5060,0
5992,0
8639,0
10309,0
13563,0
14136,0
16945,0
17004,0
19045,0
19859,0
21198,0
21550,0
21583,0
21455,0
21869,0
21426,0
21650,0
21611,0
20904,0
18820,0
17255,0
19029,0
22812,0
24455,0
26373,0
27460,0
27222,0
25204,0
24329,0
24526,0
25203,0
25975,0
27073,0
27881,0
28626,0
28093,0
26200,0
25610,0
23483,0
21850,0
19297,0
16574,0
14355,0
12112,0
7284,0
4845,0
3667,0
3718,0
4573,0
5167,0
6844,0
7279,0
9761,0
11712,0
14210,0
15394,0
18387,0
19168,0
20891,0
21806,0
22188,0
22153,0
21713,0
21838,0
21082,0
20448,0
20113,0
18645,0
17210,0
18326,0
20498,0
20924,0
21579,0
22026,0
22197,0
19709,0
18780,0
18060,0
17973,0
16572,0
14957,0
12461,0
10448,0
8295,0
6837,0
4747,0
3283,0
2904,0
2345,0
1917,0
1783,0
2174,0
2157,0
2989,0
4841,0
7228,0
11726,0
14557,0
17848,0
18436,0
18059,0
18028,0
17353,0
16350,0
16376,0
16099,0
16817,0
16898,0
16809,0
16199,0
16758,0
17679,0
18148,0
18644,0
17183,0
16196,0
15534,0
18451,0
20950,0
23192,0
24655,0
24094,0
23285,0
22083,0
21485,0
21579,0
21118,0
20204,0
16909,0
13785,0
11695,0
9214,0
6931,0
5413,0
4130,0
3276,0
2475,0
2080,0
1917,0
2123,0
1984,0
2458,0
4338,0
6470,0
11775,0
15088,0
19429,0
20482,0
19886,0
19170,0
18277,0
17064,0
16386,0
16633,0
17681,0
18233,0
17996,0
16695,0
16912,0
18124,0
18411,0
19013,0
17590,0
15673,0
14923,0
17981,0
21208,0
23458,0
24028,0
24934,0
25135,0
24613,0
24617,0
25841,0
24141,0
23069,0
21243,0
18077,0
15745,0
12115,0
9035,0
7015,0
5113,0
4220,0
3331,0
2870,0
2516,0
2656,0
2336,0
2494,0
5081,0
8091,0
13037,0
16579,0
19657,0
20914,0
20612,0
20015,0
19001,0
17533,0
17877,0
16470,0
18266,0
17992,0
17419,0
16775,0
17378,0
18067,0
19841,0
18552,0
16825,0
14712,0
14439,0
17305,0
20949,0
22182,0
23886,0
25234,0
24731,0
25195,0
25551,0
26110,0
24842,0
23178,0
23408,0
21749,0
17918,0
13496,0
10416,0
8090,0
5946,0
4330,0
3282,0
2732,0
2524,0
2700,0
2290,0
2743,0
4732,0
7570,0
12751,0
16887,0
20268,0
21992,0
21301,0
20526,0
19251,0
18228,0
18603,0
18762,0
19645,0
20453,0
19400,0
18448,0
18199,0
18845,0
18973,0
17968,0
15112,0
13580,0
12751,0
15901,0
19774,0
21960,0
23790,0
24998,0
25414,0
26075,0
25616,0
25916,0
25589,0
25041,0
24891,0
23888,0
22464,0
19061,0
16689,0
13006,0
9512,0
7745,0
6037,0
5194,0
4419,0
4267,0
3366,0
3096,0
4532,0
6877,0
11826,0
15333,0
19013,0
20131,0
19779,0
19227,0
18824,0
17705,0
18111,0
17408,0
18509,0
18510,0
17910,0
17690,0
18149,0
19632,0
19426,0
18760,0
16379,0
15083,0
14553,0
17509,0
20911,0
22958,0
25257,0
26659,0
27104,0
26439,0
25840,0
25694,0
26093,0
26821,0
26870,0
26889,0
27283,0
25739,0
23889,0
22278,0
20337,0
19179,0
16566,0
14146,0
12015,0
10285,0
6316,0
4106,0
3465,0
3657,0
4756,0
6003,0
7853,0
9091,0
12209,0
13433,0
16768,0
16390,0
18666,0
19740,0
21266,0
21452,0
21613,0
21773,0
21440,0
20362,0
20601,0
20989,0
20210,0
18243,0
16875,0
19078,0
22244,0
23703,0
25544,0
27125,0
26539,0
24964,0
23665,0
23200,0
24238,0
25202,0
26140,0
27417,0
27692,0
26866,0
26254,0
24482,0
22425,0
20865,0
18801,0
16066,0
14093,0
11863,0
7194,0
4661,0
3656,0
3780,0
4116,0
4530,0
6287,0
7318,0
9260,0
10911,0
14136,0
15466,0
18611,0
18437,0
20375,0
20658,0
21283,0
20200,0
20135,0
20306,0
20404,0
19931,0
19772,0
18406,0
16957,0
17972,0
19563,0
20106,0
20449,0
19860,0
19343,0
18128,0
17298,0
16004,0
16422,0
14618,0
13017,0
11532,0
10089,0
8326,0
6579,0
4385,0
3470,0
2854,0
2128,0
1785,0
1707,0
2138,0
2406,0
2847,0
4951,0
7094,0
11090,0
14205,0
17506,0
18105,0
17656,0
17751,0
17096,0
15784,0
16086,0
14843,0
16446,0
16614,0
16155,0
15502,0
16293,0
16885,0
17759,0
18533,0
17617,0
16279,0
15551,0
18199,0
20618,0
22703,0
23897,0
24329,0
23182,0
21778,0
21251,0
21189,0
20884,0
19670,0
18163,0
15613,0
13371,0
10910,0
7638,0
5589,0
4215,0
3386,0
2753,0
2181,0
2034,0
2094,0
1896,0
2632,0
4581,0
6612,0
11609,0
15127,0
19097,0
19516,0
19422,0
18088,0
17669,0
16744,0
17075,0
16035,0
17421,0
17756,0
17057,0
16101,0
17443,0
17890,0
18651,0
18762,0
17135,0
15175,0
13958,0
16881,0
19615,0
22196,0
22906,0
23482,0
23088,0
23728,0
23210,0
23685,0
23843,0
22597,0
20923,0
19229,0
15963,0
12292,0
9190,0
6864,0
5693,0
4499,0
3304,0
2560,0
2485,0
2560,0
2248,0
2389,0
4313,0
6649,0
11289,0
15103,0
19437,0
19443,0
19707,0
18912,0
18203,0
16492,0
16837,0
16075,0
17160,0
17606,0
17267,0
16875,0
17940,0
18339,0
18971,0
19298,0
16665,0
15008,0
13873,0
17894,0
21574,0
22116,0
23582,0
25553,0
25299,0
24778,0
24729,0
24907,0
24810,0
24246,0
23250,0
20700,0
18631,0
14048,0
10691,0
8363,0
6405,0
5251,0
3714,0
3232,0
3057,0
3005,0
2506,0
2821,0
5287,0
7427,0
12248,0
15618,0
19528,0
19813,0
19680,0
19351,0
18967,0
17899,0
17994,0
17167,0
18094,0
18575,0
18022,0
17359,0
18035,0
18733,0
19410,0
18991,0
16749,0
14604,0
13367,0
16382,0
19879,0
21735,0
23802,0
24832,0
24964,0
25791,0
25810,0
25816,0
25849,0
24877,0
25072,0
24763,0
22241,0
19957,0
16881,0
13588,0
10958,0
9119,0
7589,0
6221,0
4936,0
4796,0
3555,0
3337,0
4665,0
7084,0
11681,0
14822,0
19004,0
20306,0
20687,0
19585,0
18702,0
18099,0
18335,0
17653,0
18889,0
19146,0
18833,0
18315,0
18917,0
20430,0
20608,0
19915,0
16981,0
15045,0
13978,0
16891,0
20025,0
21438,0
23813,0
25517,0
25493,0
25475,0
26996,0
27015,0
27264,0
26977,0
26343,0
26333,0
26524,0
25425,0
24937,0
24946,0
23736,0
23245,0
21459,0
19849,0
17679,0
15018,0
10600,0
7758,0
5907,0
5743,0
6223,0
6386,0
9098,0
9864,0
12903,0
14185,0
18584,0
19066,0
22683,0
23292,0
24154,0
25310,0
26625,0
25584,0
25115,0
23935,0
23341,0
23337,0
22199,0
20008,0
18443,0
20865,0
23719,0
25241,0
27383,0
28398,1
27426,0
26537,0
25980,0
24601,0
24838,0
26372,0
26567,0
25879,0
26125,0
25110,0
23109,0
39197,0
35212,0
13259,0
12250,0
10013,0
7898,0
6375,0
4532,0
5116,0
5232,0
4542,0
5298,0
5155,0
6029,0
6280,0
8771,0
10151,0
12501,0
13990,0
16534,0
17133,0
18775,0
18985,0
19911,0
19123,0
19524,0
19640,0
18364,0
17940,0
17949,0
17288,0
16326,0
17522,0
19243,0
20291,0
21649,0
22839,0
21772,0
20994,0
19774,0
18398,0
17764,0
17334,0
15431,0
12958,0
10224,0
8771,0
6045,0
4413,0
3235,0
2688,0
1983,0
1756,0
1683,0
2140,0
2288,0
2948,0
4813,0
8044,0
12885,0
14627,0
18111,0
18266,0
18384,0
18104,0
17357,0
16008,0
16379,0
15351,0
16770,0
16711,0
17011,0
16373,0
17097,0
17364,0
18333,0
18428,0
16974,0
16139,0
15205,0
17392,0
20141,0
22581,0
23098,0
23154,0
22688,0
22047,0
21283,0
21070,0
19910,0
20541,0
18105,0
14554,0
12695,0
10667,0
8479,0
6005,0
3899,0
3111,0
2526,0
2112,0
1885,0
1921,0
2267,0
2413,0
4413,0
7168,0
12160,0
14845,0
18403,0
18445,0
19018,0
18105,0
17459,0
16381,0
16623,0
16144,0
17318,0
17658,0
17108,0
16178,0
17973,0
18152,0
18445,0
18556,0
16865,0
14505,0
13471,0
15853,0
18369,0
20968,0
22239,0
22626,0
22924,0
22853,0
22393,0
23088,0
22431,0
22239,0
19918,0
17675,0
14953,0
12025,0
8767,0
6670,0
5197,0
4289,0
3186,0
2747,0
2257,0
2397,0
2205,0
2625,0
4404,0
7007,0
12065,0
15803,0
19844,0
19937,0
20299,0
19584,0
19313,0
16887,0
17118,0
16847,0
18356,0
18124,0
17783,0
17223,0
17852,0
18374,0
18641,0
18913,0
16314,0
13917,0
13151,0
16100,0
19136,0
21762,0
22829,0
23705,0
23740,0
23789,0
23389,0
24122,0
24156,0
23679,0
22803,0
20814,0
17376,0
13846,0
10387,0
8384,0
6455,0
5043,0
3738,0
3155,0
2758,0
3122,0
2625,0
2760,0
4995,0
8021,0
13803,0
17405,0
20841,0
21338,0
21281,0
20108,0
20198,0
19035,0
19155,0
17964,0
18680,0
18600,0
17556,0
17373,0
17832,0
18087,0
18057,0
17634,0
15492,0
13677,0
12574,0
15818,0
19350,0
21754,0
23740,0
24666,0
25142,0
25597,0
25126,0
25312,0
26067,0
25613,0
23971,0
22859,0
21287,0
18308,0
14352,0
11746,0
9042,0
7318,0
6009,0
5364,0
4336,0
4008,0
3263,0
3183,0
4813,0
7519,0
12074,0
15249,0
19300,0
19564,0
19132,0
18454,0
17950,0
17374,0
17674,0
17016,0
18484,0
18460,0
17693,0
18093,0
19918,0
19945,0
19077,0
18186,0
16030,0
14092,0
13270,0
15935,0
19419,0
21778,0
24460,0
26246,0
27224,0
26862,0
27340,0
27335,0
26727,0
27181,0
27761,0
27193,0
26857,0
25692,0
24162,0
22219,0
20748,0
19471,0
16940,0
14431,0
11898,0
10264,0
5942,0
4063,0
3498,0
3726,0
5242,0
5655,0
8191,0
9371,0
13050,0
13820,0
17437,0
17281,0
19718,0
19999,0
22047,0
22352,0
22898,0
22660,0
23047,0
21976,0
22746,0
22382,0
21956,0
18619,0
15861,0
18326,0
22332,0
25097,0
27236,0
27898,0
26790,0
25561,0
24344,0
23890,0
24609,0
26595,0
27260,0
27998,0
27854,0
26931,0
25208,0
23782,0
22472,0
21183,0
18443,0
16105,0
13801,0
11997,0
7112,0
4627,0
3683,0
3587,0
4158,0
4351,0
5823,0
6850,0
9839,0
11422,0
14897,0
15815,0
18787,0
18880,0
19871,0
20722,0
21774,0
21318,0
20699,0
20831,0
20467,0
20249,0
20100,0
18688,0
17249,0
18573,0
19937,0
20564,0
20132,0
19654,0
18449,0
17176,0
17596,0
16431,0
15860,0
15253,0
13845,0
11656,0
9818,0
7870,0
6079,0
4644,0
3501,0
2989,0
2247,0
1853,0
1791,0
2189,0
2328,0
2827,0
4738,0
6803,0
11738,0
14296,0
17240,0
17657,0
17904,0
17705,0
16814,0
15908,0
15545,0
15119,0
16241,0
16354,0
16002,0
15560,0
16855,0
17292,0
17780,0
18467,0
17048,0
15386,0
15329,0
17444,0
19765,0
22418,0
22794,0
23094,0
22197,0
21796,0
20849,0
21169,0
20613,0
20734,0
17540,0
15189,0
12879,0
10511,0
7509,0
6277,0
4622,0
3785,0
2970,0
2332,0
2166,0
2179,0
2040,0
2278,0
3860,0
5517,0
9569,0
12272,0
16460,0
16976,0
17823,0
17655,0
16946,0
15846,0
15835,0
15442,0
16069,0
15966,0
15584,0
15384,0
15909,0
16140,0
16337,0
16381,0
15196,0
13003,0
12213,0
15103,0
18301,0
20626,0
22533,0
22905,0
22181,0
21899,0
21789,0
22253,0
22515,0
21410,0
19812,0
17135,0
13567,0
10829,0
7850,0
6572,0
4748,0
3777,0
3255,0
2415,0
2279,0
2353,0
2142,0
2540,0
4177,0
6843,0
11818,0
15665,0
19785,0
19813,0
19623,0
18444,0
17937,0
16552,0
17394,0
16960,0
18105,0
17724,0
16327,0
16527,0
17290,0
18042,0
18250,0
17656,0
16288,0
13992,0
12912,0
16032,0
18814,0
21296,0
23115,0
23859,0
24749,0
23879,0
23815,0
24595,0
24494,0
24213,0
22931,0
20785,0
17464,0
13303,0
10350,0
7850,0
5961,0
5051,0
3833,0
3006,0
2515,0
2816,0
2248,0
2621,0
4392,0
7062,0
12333,0
15661,0
19597,0
20200,0
19843,0
19031,0
18253,0
17244,0
17402,0
17286,0
18936,0
18516,0
17635,0
17343,0
19090,0
19197,0
19207,0
18412,0
16391,0
13472,0
12807,0
16097,0
19322,0
21645,0
22745,0
24219,0
25443,0
25695,0
25994,0
26424,0
25450,0
24621,0
23727,0
22503,0
20709,0
17932,0
14668,0
11986,0
9213,0
7202,0
5552,0
5023,0
3900,0
4039,0
2987,0
3090,0
4737,0
7102,0
12268,0
15903,0
20015,0
20432,0
20735,0
19149,0
18665,0
17992,0
17773,0
17786,0
18128,0
18355,0
17629,0
17104,0
18151,0
18892,0
19540,0
18557,0
16263,0
14668,0
13473,0
16747,0
20594,0
23151,0
25446,0
27196,0
26881,0
25994,0
25879,0
26301,0
27136,0
26940,0
26834,0
26960,0
26107,0
25034,0
24103,0
22682,0
20630,0
19226,0
16555,0
14088,0
12491,0
10208,0
5853,0
4019,0
3477,0
3582,0
4936,0
5272,0
7427,0
8646,0
12313,0
13426,0
17040,0
16811,0
19069,0
19423,0
21552,0
21685,0
22380,0
21954,0
21926,0
21851,0
22014,0
22075,0
20936,0
18358,0
15289,0
17742,0
21769,0
24058,0
26029,0
27266,0
26817,0
25049,0
23713,0
23324,0
23970,0
26325,0
26139,0
27312,0
28114,0
26651,0
25212,0
24273,0
22665,0
21069,0
18803,0
16590,0
14414,0
12228,0
7230,0
4624,0
3594,0
3332,0
4083,0
4416,0
5214,0
6429,0
8898,0
10911,0
13475,0
15157,0
18595,0
19233,0
20372,0
21847,0
21695,0
21880,0
21047,0
21107,0
20602,0
19817,0
19310,0
18479,0
16296,0
17751,0
19230,0
19883,0
19768,0
18931,0
17936,0
16360,0
16885,0
16000,0
14902,0
13707,0
13406,0
12021,0
11115,0
8317,0
5887,0
4464,0
3425,0
2961,0
2328,0
2020,0
1764,0
2139,0
2296,0
2960,0
5121,0
7871,0
11902,0
14583,0
17190,0
18725,0
18822,0
17992,0
17210,0
15940,0
17094,0
15247,0
16676,0
16895,0
17205,0
17634,0
18189,0
19319,0
18757,0
17239,0
14885,0
13577,0
13513,0
15864,0
18502,0
20313,0
20674,0
21079,0
21433,0
20590,0
19515,0
20194,0
19251,0
18436,0
16099,0
14985,0
11612,0
9828,0
7529,0
6162,0
4296,0
3090,0
2366,0
2094,0
1831,0
1987,0
1936,0
2346,0
4328,0
6935,0
12642,0
16037,0
20032,0
20709,0
20897,0
20127,0
19075,0
17883,0
17581,0
16559,0
17870,0
18097,0
17714,0
17104,0
17999,0
19071,0
19197,0
19000,0
17013,0
14962,0
13727,0
16826,0
20320,0
23167,0
23782,0
24068,0
24831,0
25564,0
25300,0
25503,0
24598,0
24120,0
22641,0
19722,0
15507,0
12079,0
8561,0
6632,0
4846,0
3996,0
3339,0
2594,0
2315,0
2462,0
2077,0
2448,0
4656,0
7055,0
12903,0
16639,0
20585,0
21833,0
21453,0
20023,0
18790,0
18382,0
17956,0
17477,0
18590,0
18409,0
18020,0
16950,0
17826,0
18105,0
18187,0
18565,0
16454,0
14355,0
13109,0
15924,0
19175,0
21521,0
22762,0
23889,0
24408,0
24501,0
24316,0
24362,0
24032,0
23174,0
22453,0
20964,0
18142,0
14466,0
10771,0
8100,0
5976,0
5000,0
3727,0
2984,0
2584,0
2591,0
2253,0
2489,0
4419,0
7014,0
12470,0
16549,0
19879,0
20437,0
19549,0
18639,0
18683,0
18486,0
18014,0
16720,0
18570,0
18309,0
17294,0
16699,0
17819,0
18227,0
18586,0
18078,0
15656,0
12989,0
11740,0
14934,0
18494,0
21215,0
23643,0
24623,0
24564,0
25305,0
25039,0
25351,0
24526,0
24739,0
23638,0
21861,0
21500,0
19838,0
16307,0
12324,0
10006,0
8077,0
6355,0
5091,0
4247,0
4440,0
3089,0
2930,0
4782,0
7250,0
12167,0
15235,0
20053,0
20654,0
21158,0
19863,0
18775,0
18346,0
18645,0
17986,0
19070,0
18901,0
17585,0
17309,0
18226,0
18788,0
19103,0
18261,0
15945,0
14181,0
12992,0
15847,0
19426,0
22514,0
24457,0
26156,0
26677,0
26217,0
26289,0
26370,0
26344,0
26736,0
27093,0
27569,0
27064,0
26220,0
24289,0
22849,0
20731,0
19081,0
16573,0
14188,0
12213,0
10145,0
5902,0
3983,0
3556,0
3651,0
5153,0
5379,0
7174,0
9070,0
12114,0
13665,0
17463,0
17209,0
20299,0
20255,0
22981,0
23368,0
23444,0
22610,0
22258,0
21160,0
22960,0
23007,0
21145,0
18440,0
16028,0
19101,0
22361,0
24256,0
26410,0
27377,0
26255,0
23977,0
23565,0
22703,0
23078,0
25755,0
27028,0
28126,0
28472,0
27424,0
25493,0
24876,0
22639,0
21013,0
19100,0
16662,0
14489,0
12023,0
7069,0
4453,0
3483,0
3479,0
3968,0
4092,0
5877,0
6845,0
8283,0
10231,0
13189,0
14458,0
17284,0
17800,0
19509,0
20547,0
20211,0
20041,0
19619,0
19947,0
19844,0
19088,0
19237,0
18316,0
16996,0
18134,0
19633,0
20204,0
19810,0
17925,0
16938,0
15096,0
15539,0
14806,0
15035,0
13285,0
12090,0
10552,0
9136,0
8106,0
7020,0
5562,0
3917,0
3592,0
2637,0
2031,0
1900,0
2172,0
2008,0
2546,0
4409,0
7269,0
11863,0
14244,0
17238,0
18382,0
17940,0
17447,0
16773,0
15319,0
15867,0
15751,0
17462,0
16292,0
16317,0
16104,0
16967,0
17035,0
17976,0
18230,0
16521,0
14887,0
13707,0
16596,0
18683,0
20289,0
21377,0
21962,0
21126,0
20531,0
19217,0
19353,0
19109,0
18814,0
17036,0
14147,0
11595,0
10091,0
7575,0
5977,0
4705,0
3796,0
2894,0
2471,0
2115,0
2474,0
2285,0
2538,0
4380,0
6537,0
11238,0
14764,0
18187,0
18885,0
19188,0
18398,0
18057,0
16899,0
17137,0
16203,0
17742,0
17843,0
17866,0
17548,0
18306,0
18577,0
18506,0
18691,0
15729,0
13396,0
11923,0
14463,0
17026,0
19078,0
20439,0
20776,0
20941,0
20209,0
19987,0
19952,0
19234,0
18455,0
18097,0
17461,0
16002,0
13400,0
10978,0
8613,0
6446,0
5205,0
4118,0
3510,0
3249,0
3698,0
3584,0
3622,0
4987,0
7213,0
10827,0
14141,0
16965,0
19391,0
19557,0
19067,0
18807,0
18232,0
18999,0
18896,0
19764,0
20227,0
19602,0
20456,0
19580,0
19156,0
19572,0
18925,0
17545,0
15465,0
14104,0
16996,0
20113,0
21015,0
21580,0
22501,0
21159,0
18991,0
18046,0
18300,0
18538,0
17170,0
17081,0
15613,0
13718,0
13522,0
11323,0
10315,0
8870,0
8150,0
7209,0
6018,0
5819,0
5291,0
4127,0
3540,0
3715,0
4613,0
5500,0
5955,0
6512,0
7076,0
7813,0
8365,0
9013,0
9695,0
11389,0
12701,0
13400,0
13282,0
13542,0
13538,0
13663,0
13980,0
14673,0
14614,0
15255,1
13560,0
13120,0
13273,0
13334,0
12930,0
13683,0
13682,0
14106,0
14088,0
14417,0
15187,0
15280,0
15654,0
13989,0
12592,0
11811,0
9653,0
7791,0
6862,0
5644,0
4639,0
3673,0
2945,0
2875,0
2883,0
2165,0
1902,0
2226,0
2870,0
4313,0
4936,0
6240,0
7376,0
8850,0
9864,0
10863,0
11900,0
12969,0
14045,0
15281,0
16153,0
17025,0
17596,0
18437,0
17777,0
18774,0
18868,0
19046,0
17706,0
16591,0
18951,0
20519,0
20626,0
21227,0
22716,0
21044,0
18862,0
18821,0
18485,0
18416,0
19806,0
19671,0
19234,0
17725,0
16089,0
14561,0
13292,0
12000,0
10967,0
9747,0
8556,0
8342,0
7178,0
4441,0
2747,0
2489,0
2283,0
3109,0
3380,0
4628,0
5291,0
7405,0
9044,0
11193,0
12541,0
15281,0
15551,0
17665,0
18499,0
18680,0
19621,0
19830,0
19187,0
19999,0
19722,0
20600,0
19125,0
16658,0
18684,0
20891,0
21554,0
22678,0
24055,0
23418,0
20196,0
19676,0
19566,0
19272,0
20686,0
21659,0
21154,0
21170,0
20149,0
18555,0
17768,0
15608,0
14966,0
13074,0
11332,0
9965,0
9167,0
5520,0
3812,0
3123,0
3103,0
3777,0
3699,0
4968,0
5630,0
7422,0
9123,0
10981,0
12227,0
15247,0
14970,0
16912,0
17420,0
18336,0
18091,0
17841,0
18946,0
19156,0
18159,0
17805,0
16838,0
15906,0
16917,0
17670,0
17941,0
18093,0
17587,0
16867,0
15693,0
15342,0
13821,0
14083,0
13714,0
12119,0
9904,0
8970,0
7706,0
5494,0
4249,0
2891,0
2632,0
2192,0
1648,0
1639,0
1913,0
2142,0
2909,0
4587,0
7235,0
11448,0
14106,0
17184,0
18306,0
18746,0
17914,0
16699,0
15681,0
15210,0
14532,0
15985,0
16226,0
16000,0
15641,0
16373,0
16830,0
17470,0
18131,0
16870,0
15192,0
14453,0
17382,0
19815,0
21750,0
22217,0
21813,0
21536,0
22541,0
21329,0
20165,0
19498,0
19355,0
16691,0
14387,0
12101,0
9805,0
7121,0
5019,0
3822,0
3268,0
2261,0
1853,0
1722,0
2077,0
1988,0
2296,0
4537,0
6661,0
11901,0
15501,0
19573,0
20896,0
21051,0
19670,0
18654,0
17108,0
17553,0
16232,0
17534,0
17697,0
19165,0
18916,0
19543,0
18570,0
19043,0
18343,0
16666,0
14050,0
12845,0
16111,0
19112,0
21205,0
22337,0
23340,0
23082,0
23718,0
22936,0
23466,0
23387,0
22893,0
20923,0
18684,0
14962,0
12558,0
8876,0
6626,0
4926,0
4046,0
3168,0
2692,0
2237,0
2384,0
2109,0
2403,0
4250,0
6529,0
12185,0
16016,0
19504,0
20925,0
20891,0
20047,0
19138,0
18431,0
16960,0
16426,0
18092,0
19190,0
18957,0
18288,0
18843,0
19003,0
18193,0
17260,0
15103,0
12941,0
11797,0
15545,0
17938,0
20693,0
21585,0
21689,0
21995,0
22096,0
22115,0
21860,0
22041,0
21680,0
21378,0
20295,0
18176,0
14846,0
11480,0
8939,0
6679,0
5175,0
3800,0
3135,0
2671,0
2843,0
2476,0
2670,0
4521,0
6841,0
12178,0
15916,0
19872,0
20957,0
20358,0
19717,0
18943,0
18082,0
18560,0
17316,0
18817,0
18439,0
17771,0
17214,0
17836,0
18676,0
19241,0
19068,0
16567,0
14529,0
12862,0
16086,0
19221,0
21408,0
23385,0
23604,0
23384,0
23209,0
22592,0
23164,0
23638,0
23192,0
22417,0
22630,0
21278,0
19300,0
16241,0
12966,0
10322,0
8160,0
6611,0
5410,0
4453,0
4287,0
3250,0
3396,0
4846,0
7090,0
11832,0
15506,0
20211,0
21053,0
20635,0
20128,0
18838,0
17936,0
18210,0
17653,0
18847,0
18814,0
17478,0
18029,0
18953,0
19684,0
19747,0
18464,0
16396,0
14436,0
13461,0
17047,0
20614,0
23322,0
25791,0
26650,0
26971,0
26688,0
25508,0
26284,0
26978,0
26983,0
25438,0
24914,0
24165,0
22925,0
22187,0
21493,0
19021,0
18009,0
15786,0
13114,0
10541,0
9296,0
5388,0
3578,0
3205,0
3427,0
4666,0
5262,0
7841,0
8786,0
11893,0
12849,0
16411,0
16917,0
19706,0
22924,0
26224,0
25548,0
24376,0
24464,0
23825,0
24235,0
24001,0
23877,0
21761,0
18277,0
15670,0
18411,0
21332,0
23306,0
24856,0
25798,0
25274,0
25158,0
24164,0
23771,0
24363,0
25705,0
26429,0
27272,0
27636,0
26695,0
25626,0
24285,0
22249,0
20741,0
18554,0
15770,0
13976,0
11368,0
6531,0
3929,0
3236,0
3177,0
3757,0
4042,0
5401,0
6483,0
9264,0
11497,0
14585,0
16159,0
20205,0
21146,0
22387,0
23081,0
23163,0
22660,0
22127,0
22237,0
22193,0
21252,0
20818,0
19110,0
17255,0
18368,0
20327,0
21411,0
21379,0
21735,0
20031,0
18305,0
17961,0
17334,0
17401,0
17020,0
14661,0
12367,0
10891,0
8141,0
6411,0
4762,0
3616,0
3130,0
2273,0
2031,0
1788,0
2203,0
2270,0
2727,0
4686,0
6827,0
11984,0
14644,0
18338,0
19590,0
19762,0
19372,0
18754,0
17736,0
17624,0
16856,0
18005,0
18028,0
17733,0
17678,0
18275,0
18070,0
19038,0
18998,0
16932,0
15201,0
14426,0
16942,0
19768,0
21911,0
22917,0
23371,0
23343,0
22358,0
22302,0
22712,0
22329,0
21979,0
19387,0
17494,0
13745,0
11339,0
8699,0
6796,0
5236,0
3800,0
3042,0
2532,0
2258,0
2212,0
2135,0
2592,0
4617,0
8006,0
13619,0
16700,0
19651,0
20630,0
21217,0
19857,0
18753,0
17813,0
17833,0
17164,0
18181,0
17482,0
15676,0
16018,0
17066,0
17654,0
17696,0
16781,0
14189,0
12461,0
12252,0
15431,0
18137,0
20649,0
21989,0
22350,0
22177,0
22991,0
22128,0
23207,0
23091,0
22616,0
21118,0
19301,0
16789,0
14252,0
10138,0
7847,0
5782,0
4951,0
3696,0
2833,0
2375,0
2533,0
2423,0
2512,0
4337,0
6721,0
11812,0
16054,0
19337,0
21348,0
21167,0
20051,0
18809,0
17812,0
17889,0
17482,0
18775,0
18351,0
17604,0
17729,0
17499,0
17558,0
18070,0
17422,0
14666,0
12252,0
11174,0
13853,0
16962,0
19708,0
20764,0
21802,0
22239,0
22169,0
23923,0
24403,0
24211,0
23439,0
23394,0
21701,0
19727,0
17270,0
13379,0
10314,0
7470,0
6039,0
4322,0
3461,0
2872,0
2854,0
2422,0
2578,0
4513,0
6672,0
12358,0
15790,0
19441,0
20920,0
20665,0
19708,0
20066,0
18424,0
18403,0
17621,0
18994,0
18845,0
17937,0
17974,0
18671,0
19082,0
20224,0
18966,0
16165,0
14013,0
12246,0
15021,0
18834,0
21115,0
22746,0
23679,0
23992,0
23597,0
23581,0
24093,0
24130,0
24027,0
23575,0
22502,0
22049,0
20667,0
19265,0
16192,0
12814,0
10410,0
8218,0
6335,0
5377,0
4659,0
3597,0
3208,0
4698,0
6900,0
12308,0
15444,0
19511,0
20489,0
20834,0
19854,0
18687,0
18014,0
18564,0
18237,0
18916,0
18244,0
16850,0
17845,0
18162,0
19043,0
19128,0
18287,0
15667,0
13938,0
12626,0
15807,0
19375,0
21905,0
24008,0
25410,0
25568,0
24888,0
25190,0
25350,0
25927,0
26737,0
26771,0
26180,0
25739,0
24743,0
24285,0
22826,0
21266,0
19907,0
17053,0
14423,0
12363,0
10600,0
6501,0
4211,0
3425,0
3475,0
5132,0
4986,0
7716,0
8873,0
12361,0
13217,0
17706,0
19199,0
21605,0
22106,0
23452,0
24095,0
24114,0
24368,0
23648,0
22929,0
22531,0
21489,0
19081,0
15734,0
13140,0
15041,0
17961,0
20757,0
22233,0
23550,0
24311,0
24320,0
23465,0
24125,0
24696,0
24848,0
25952,0
26481,0
26376,0
26065,0
25745,0
24053,0
22288,0
21263,0
18637,0
16106,0
13609,0
11786,0
6978,0
4468,0
3728,0
3611,0
3909,0
4139,0
5583,0
6831,0
8929,0
10358,0
14261,0
16254,0
19993,0
20203,0
21630,0
22210,0
22458,0
21793,0
21177,0
20831,0
20577,0
20293,0
18839,0
17406,0
15292,0
16443,0
17727,0
18988,0
19533,0
19548,0
18055,0
17006,0
16671,0
16007,0
16344,0
15913,0
14327,0
12060,0
10952,0
9228,0
6754,0
5230,0
4058,0
3386,0
2854,0
2088,0
2063,0
2573,0
2606,0
3027,0
4795,0
7029,0
11534,0
14434,0
17808,0
18371,0
18743,0
17992,0
17405,0
16508,0
15778,0
15424,0
16627,0
16484,0
16637,0
16135,0
16513,0
17025,0
18231,0
17722,0
16477,0
14298,0
13229,0
15523,0
17795,0
20424,0
21017,0
21475,0
22549,0
21924,0
21131,0
21393,0
21577,0
21019,0
18908,0
17370,0
13782,0
11608,0
8753,0
6959,0
5332,0
4417,0
3812,0
2785,0
2230,0
2383,0
2206,0
2455,0
4355,0
6534,0
11684,0
14785,0
18872,0
19244,0
20521,0
19197,0
18299,0
17178,0
16812,0
16250,0
17275,0
17818,0
17228,0
16423,0
17067,0
17759,0
18175,0
17997,0
16045,0
14086,0
12498,0
15616,0
17897,0
20215,0
21911,0
22798,0
24359,0
23687,0
23843,0
23849,0
24686,0
23566,0
22591,0
20184,0
17824,0
14522,0
10981,0
8494,0
6739,0
5562,0
4095,0
3228,0
2801,0
2905,0
2604,0
2634,0
4453,0
6610,0
11882,0
15378,0
18958,0
20241,0
20321,0
19626,0
18615,0
17801,0
17622,0
17122,0
18747,0
18708,0
18308,0
17777,0
17824,0
18196,0
18499,0
18003,0
16052,0
13607,0
12212,0
14983,0
18285,0
20665,0
21841,0
23081,0
22785,0
24069,0
24039,0
25073,0
24980,0
24878,0
23338,0
22407,0
20950,0
18285,0
14827,0
10904,0
8901,0
6765,0
5188,0
3823,0
3524,0
3414,0
2681,0
3079,0
4828,0
7029,0
12063,0
15230,0
18835,0
20484,0
20222,0
19752,0
18914,0
18466,0
18364,0
17439,0
19228,0
19485,0
18539,0
18424,0
18594,0
19253,0
19536,0
19129,0
16419,0
14143,0
12440,0
15352,0
19402,0
21772,0
23309,0
24617,0
24906,0
25149,0
25441,0
26065,0
25822,0
25738,0
24879,0
24496,0
23501,0
20698,0
19243,0
16900,0
13421,0
10585,0
8512,0
6744,0
5653,0
5420,0
3982,0
3682,0
4979,0
6847,0
11330,0
14716,0
18996,0
20784,0
20763,0
21030,0
19778,0
18496,0
18800,0
18765,0
20209,0
19684,0
18093,0
17958,0
18794,0
19592,0
20240,0
19125,0
16262,0
14858,0
12685,0
15752,0
19931,0
22925,0
24921,0
26335,0
26896,0
26796,0
25989,0
26280,0
26403,0
26905,0
26723,0
25807,0
26432,0
25976,0
24322,0
22993,0
21186,0
19390,0
16298,0
14308,0
12289,0
10822,0
6612,0
4648,0
3998,0
4080,0
5139,0
4833,0
6360,0
7568,0
10329,0
11646,0
15228,0
16173,0
18920,0
19813,0
21529,0
22544,0
22751,0
22744,0
22263,0
22212,0
21906,0
21744,0
21173,0
18061,0
15360,0
17470,0
20909,0
22562,0
24471,0
25685,0
25252,0
23238,0
22683,0
22523,0
23214,0
23741,0
24614,0
25195,0
25864,0
25530,0
24429,0
22976,0
21027,0
19741,0
17359,0
15156,0
12970,0
11246,0
6712,0
4593,0
3675,0
3974,0
3929,0
3922,0
5061,0
5995,0
7813,0
9237,0
12647,0
13946,0
18143,0
18415,0
19646,0
20124,0
21235,0
20709,0
20382,0
20570,0
20093,0
19670,0
19194,0
17506,0
15650,0
17057,0
19010,0
19688,0
19461,0
19098,0
17989,0
16406,0
16716,0
15983,0
16304,0
15546,0
13653,0
12018,0
10392,0
8488,0
6812,0
5155,0
4081,0
3429,0
2686,0
2341,0
2080,0
2561,0
2438,0
2549,0
4003,0
5410,0
9139,0
10980,0
13351,0
14666,0
16540,0
16439,0
16681,0
15663,0
16128,0
16377,0
17607,0
17770,0
17843,0
17279,0
18264,0
18359,0
18664,0
18428,0
15976,0
13994,0
12958,0
15433,0
17793,0
19903,0
20358,0
20800,0
19898,0
18981,0
19600,0
19672,0
20359,0
19147,0
17490,0
14392,0
12366,0
10077,0
8426,0
7343,0
5818,0
4395,0
3238,0
2837,0
2628,0
2815,0
2524,0
2749,0
4221,0
5790,0
9106,0
10805,0
13627,0
14896,0
16914,0
16813,0
17257,0
16746,0
16668,0
16334,0
17869,0
18559,0
18627,0
18394,0
19529,0
18765,0
19273,0
18364,0
16426,0
13940,0
12171,0
14585,0
16878,0
19444,0
20377,0
20065,0
19194,0
18589,0
17560,0
17394,0
18424,0
16611,0
15547,0
14391,0
12687,0
11488,0
9158,0
7484,0
6303,0
5454,0
4400,0
3409,0
3301,0
3479,0
2809,0
2713,0
3654,0
4943,0
6952,0
7357,0
9019,0
9982,0
12036,0
13416,0
16386,0
18242,0
17436,0
19281,0
18939,0
18558,0
20400,0
21494,0
19961,0
19618,0
17870,0
17549,0
17387,0
15882,0
15280,0
16907,0
16821,0
17096,0
16830,0
15846,0
14421,0
13101,0
13010,0
12453,0
12904,0
12563,0
12915,0
12169,0
11420,0
10665,0
9890,0
8488,0
7209,0
6240,0
5143,0
4003,0
3414,0
3206,0
2193,0
1801,0
1756,0
2144,0
2710,0
2637,0
3029,0
2926,0
3485,0
4195,0
5410,0
6572,0
7857,0
8586,0
9599,0
10158,0
10843,0
10618,0
11206,0
11176,0
12218,0
12039,1
11754,0
11282,0
10380,0
10642,0
10788,0
10786,0
11433,0
11262,0
10510,0
9827,0
10446,0
10164,0
11279,0
10756,0
10622,0
8270,0
7685,0
6540,0
5312,0
4573,0
3322,0
2840,0
2294,0
1888,0
1628,0
1962,0
1541,0
1459,0
1993,0
2763,0
3830,0
4376,0
5533,0
6342,0
7425,0
8473,0
9288,0
10259,0
10994,0
11708,0
13105,0
13577,0
14110,0
14559,0
14063,0
14506,0
15863,0
16608,0
15959,0
15481,0
14491,0
15597,0
16349,0
16711,0
16708,0
18113,0
16700,0
15087,0
15282,0
14797,0
14744,0
15618,0
16172,0
14863,0
13696,0
13396,0
12040,0
11298,0
10005,0
9368,0
8002,0
7493,0
6509,0
5928,0
4158,0
2648,0
2313,0
2391,0
2821,0
2967,0
4013,0
4505,0
6117,0
7591,0
9467,0
10065,0
11788,0
12882,0
14317,0
15130,0
15345,0
17040,0
16684,0
16291,0
17065,0
17860,0
17447,0
16199,0
14999,0
15570,0
17132,0
17710,0
18132,0
18627,0
17430,0
16148,0
15807,0
16121,0
17054,0
18095,0
17628,0
17414,0
17594,0
16514,0
15556,0
14465,0
12810,0
12680,0
11121,0
9850,0
9033,0
8122,0
5228,0
3452,0
2937,0
2764,0
3090,0
3109,0
4300,0
5130,0
6652,0
7486,0
9812,0
10911,0
13280,0
13191,0
14218,0
14878,0
15665,0
15911,0
15002,0
15102,0
15658,0
15756,0
16645,0
16464,0
15288,0
15988,0
16608,0
16556,0
16635,0
16446,0
15796,0
14951,0
14373,0
13695,0
14411,0
14035,0
12954,0
11239,0
10461,0
8548,0
6766,0
5087,0
4353,0
3646,0
2857,0
2484,0
2105,0
2270,0
2033,0
2123,0
2886,0
4249,0
6400,0
6953,0
8715,0
9590,0
12167,0
12436,0
13052,0
13503,0
13798,0
14277,0
15344,0
15677,0
16534,0
16220,0
16650,0
17395,0
17895,0
17701,0
17989,0
16737,0
15371,0
17519,0
18500,0
20064,0
20153,0
20364,0
18808,0
17718,0
16678,0
17523,0
17397,0
16308,0
15954,0
14488,0
12738,0
11042,0
8774,0
7267,0
5704,0
4749,0
3932,0
3336,0
3023,0
3059,0
2399,0
2091,0
3019,0
4208,0
6505,0
7026,0
8953,0
10186,0
13046,0
13519,0
14319,0
14433,0
15570,0
15690,0
17265,0
17830,0
18552,0
19340,0
19070,0
18866,0
18709,0
18906,0
18178,0
16420,0
15066,0
17023,0
19201,0
20950,0
22321,0
22549,0
21405,0
20209,0
19574,0
20294,0
20054,0
19779,0
18396,0
17966,0
15892,0
14294,0
12150,0
10423,0
8229,0
7068,0
5572,0
4669,0
3922,0
4120,0
2786,0
2265,0
2825,0
3705,0
5745,0
6334,0
8324,0
9449,0
11877,0
11917,0
12621,0
13294,0
13850,0
15128,0
16996,0
16815,0
17275,0
18553,0
18607,0
18703,0
18970,0
19316,0
18542,0
17583,0
16607,0
17991,0
18983,0
20014,0
20943,0
22114,0
24368,0
25524,0
26779,0
27804,0
27315,0
25417,0
23177,0
21826,0
14152,0
22153,0
29547,0
30236,1
28348,0
26264,0
25243,0
23117,0
21017,0
18170,0
12629,0
8899,0
6999,0
5750,0
5381,0
5056,0
4930,0
4624,0
4726,0
5505,0
6510,0
7705,0
10007,0
11405,0
13562,0
14537,0
15296,0
15376,0
16302,0
16066,0
16485,0
16887,0
16430,0
16044,0
14655,0
15514,0
16184,0
16280,0
16550,0
15626,0
14304,0
13741,0
13578,0
13326,0
13560,0
12730,0
12533,0
10673,0
9947,0
8258,0
8343,0
6326,0
4485,0
3991,0
3126,0
2794,0
2296,0
2506,0
2012,0
1955,0
2486,0
3774,0
5344,0
5956,0
7314,0
8030,0
10085,0
10867,0
11830,0
12507,0
13943,0
14115,0
15399,0
16521,0
16913,0
16207,0
17068,0
17756,0
17887,0
17936,0
18259,0
16710,0
15525,0
17440,0
19523,0
20137,0
20936,0
21998,0
19934,0
18302,0
17815,0
17366,0
17518,0
19508,0
19720,0
18658,0
19337,0
18085,0
16661,0
15624,0
14177,0
12850,0
11509,0
10329,0
8830,0
7903,0
4497,0
3189,0
2793,0
2810,0
3696,0
3707,0
4758,0
5334,0
7736,0
9130,0
11189,0
11887,0
14095,0
14737,0
16826,0
18143,0
20074,0
21386,0
21466,0
21368,0
21695,0
21529,0
20273,0
19355,0
17061,0
18676,0
21073,0
22091,0
23100,0
23801,0
22393,0
18954,0
18005,0
19333,0
18891,0
20259,0
20055,0
19787,0
20995,0
19613,0
16975,0
16541,0
14379,0
13089,0
10506,0
9216,0
8103,0
6823,0
4263,0
3025,0
2549,0
2605,0
3064,0
3205,0
4254,0
4897,0
6628,0
7726,0
9284,0
10955,0
13348,0
13517,0
14443,0
15285,0
16028,0
16329,0
15891,0
15960,0
16376,0
15303,0
16271,0
15873,0
15588,0
15471,0
16139,0
15862,0
16218,0
14093,0
17786,0
16079,0
14137,0
11407,0
12479,0
11317,0
10005,0
8802,0
8002,0
6669,0
5961,0
4169,0
3365,0
2853,0
2227,0
1609,0
1697,0
1883,0
1837,0
2476,0
4040,0
6431,0
10496,0
13610,0
16277,0
17760,0
18026,0
16706,0
14662,0
13070,0
13459,0
13218,0
13909,0
14379,0
14113,0
13982,0
14514,0
15268,0
16675,0
17423,0
16521,0
15352,0
14644,0
17059,0
19269,0
21361,0
21906,0
21994,0
20678,0
19248,0
17546,0
17201,0
15830,0
14238,0
13120,0
11660,0
9741,0
7969,0
6005,0
4592,0
3487,0
2856,0
2238,0
1689,0
1602,0
1774,0
1721,0
2118,0
4101,0
6266,0
11168,0
13976,0
18081,0
19819,0
20102,0
18237,0
16472,0
14510,0
14365,0
13611,0
14729,0
15072,0
14628,0
14069,0
14987,0
15176,0
16884,0
17055,0
16238,0
14566,0
14604,0
16314,0
18758,0
21579,0
22500,0
21920,0
20788,0
20461,0
19640,0
19580,0
19424,0
17170,0
14955,0
12934,0
11087,0
8357,0
6788,0
5378,0
3889,0
3068,0
2406,0
2025,0
1739,0
1897,0
1820,0
2039,0
3857,0
6280,0
11280,0
14586,0
18374,0
20307,0
21113,0
19287,0
17966,0
15690,0
16091,0
14981,0
16906,0
16648,0
16826,0
16379,0
17457,0
17335,0
18690,0
19029,0
17234,0
16505,0
15509,0
17873,0
21871,0
24019,0
24965,0
25708,0
24871,0
23732,0
22463,0
23142,0
22369,0
21904,0
18610,0
15262,0
12490,0
9843,0
7477,0
5697,0
4327,0
3405,0
2739,0
2066,0
2013,0
1975,0
1760,0
2033,0
4164,0
6627,0
12142,0
15873,0
20194,0
21891,0
22117,0
20435,0
19472,0
17256,0
17401,0
15595,0
17559,0
17823,0
16634,0
16523,0
17209,0
17438,0
19801,0
20241,0
18535,0
16573,0
15095,0
17871,0
21606,0
24071,0
25176,0
25592,0
25125,0
24584,0
23692,0
23593,0
23676,0
23367,0
21952,0
19331,0
15847,0
13156,0
10295,0
8080,0
6041,0
5180,0
3992,0
3359,0
2808,0
2703,0
2176,0
2434,0
4092,0
6053,0
11326,0
13826,0
15011,0
15124,0
15755,0
16110,0
16271,0
15323,0
15421,0
14604,0
15840,0
15962,0
15948,0
16283,0
16502,0
17377,0
18858,0
18338,0
17567,0
15857,0
15069,0
18144,0
21770,0
24651,0
26480,0
27443,0
27676,0
25589,0
23761,0
23882,0
23922,0
24901,0
25440,0
25306,0
25133,0
24251,0
22330,0
19918,0
17922,0
16425,0
13977,0
11797,0
10171,0
8666,0
4721,0
3390,0
2905,0
3265,0
4249,0
5058,0
6976,0
7425,0
11024,0
13013,0
16327,0
16385,0
18820,0
19868,0
22503,0
22724,0
23856,0
23073,0
22492,0
21336,0
22371,0
23119,0
23941,0
22728,0
20126,0
21139,0
24417,0
26639,0
26907,0
28043,0
26853,0
27983,0
24555,0
23596,0
24947,0
26085,0
27646,0
28301,0
28401,0
26653,0
24790,0
23141,0
20654,0
19179,0
16879,0
14597,0
12394,0
9787,0
5859,0
3682,0
3108,0
2883,0
3710,0
3790,0
5294,0
6133,0
8808,0
9884,0
13052,0
13881,0
17481,0
17730,0
20015,0
19794,0
21709,0
21296,0
20381,0
19508,0
19210,0
18255,0
19171,0
18758,0
19444,0
19816,0
19830,0
19842,0
19586,0
18579,0
17586,0
15320,0
13987,0
13611,0
13943,0
12956,0
11585,0
12116,0
9058,0
7147,0
5365,0
3756,0
3077,0
2603,0
2264,0
1973,0
1679,0
1964,0
1891,0
2303,0
4462,0
6496,0
11269,0
14140,0
18040,0
19618,0
19631,0
18598,0
17797,0
16160,0
15872,0
15103,0
16858,0
17532,0
16478,0
16071,0
17036,0
17167,0
18607,0
19387,0
16274,0
15210,0
14695,0
16686,0
19234,0
21350,0
22150,0
21582,0
20321,0
20071,0
18532,0
18801,0
17972,0
17298,0
14655,0
12376,0
10191,0
11139,0
7323,0
5142,0
3987,0
3197,0
2336,0
1800,0
1742,0
1901,0
1681,0
2036,0
4284,0
6390,0
11432,0
14929,0
19814,0
21295,0
21258,0
20209,0
19420,0
18088,0
17942,0
17251,0
18843,0
18906,0
18117,0
17533,0
18593,0
18967,0
20374,0
20245,0
18663,0
16688,0
14860,0
16990,0
20233,0
23012,0
24353,0
24698,0
24188,0
24033,0
23737,0
23774,0
23522,0
21828,0
18996,0
15659,0
12989,0
10584,0
7941,0
6221,0
4792,0
3814,0
3053,0
2725,0
2356,0
2327,0
2058,0
2267,0
4547,0
6582,0
12004,0
15442,0
20021,0
20953,0
21276,0
20444,0
19071,0
17173,0
17446,0
16319,0
18120,0
18258,0
17222,0
16563,0
17953,0
18119,0
18740,0
18803,0
17318,0
15354,0
14243,0
16310,0
20078,0
22844,0
23895,0
24410,0
24216,0
22351,0
22154,0
22757,0
22301,0
22537,0
19647,0
16555,0
13935,0
10852,0
8131,0
6253,0
4881,0
3872,0
2952,0
2530,0
2242,0
2384,0
2102,0
2353,0
4388,0
6600,0
11844,0
15429,0
19536,0
20800,0
21237,0
20044,0
19195,0
16819,0
17002,0
15592,0
17319,0
18062,0
16821,0
16158,0
17614,0
17978,0
18693,0
18743,0
17213,0
15389,0
13926,0
16336,0
19647,0
22732,0
24064,0
24881,0
24507,0
24438,0
23792,0
24517,0
24126,0
23957,0
22825,0
21086,0
17957,0
14729,0
11814,0
9221,0
7049,0
6102,0
4971,0
4205,0
3238,0
3474,0
2952,0
2858,0
4621,0
6570,0
11368,0
14644,0
18846,0
19936,0
20315,0
19285,0
18492,0
16873,0
16492,0
15440,0
17341,0
17377,0
16922,0
16465,0
17797,0
18924,0
19579,0
19159,0
17343,0
15856,0
14769,0
16980,0
21604,0
24026,0
26085,0
27462,0
27681,0
26427,0
25444,0
25168,0
25376,0
26024,0
26428,0
25890,0
25472,0
24841,0
22159,0
20046,0
17945,0
15954,0
14210,0
12146,0
10342,0
8970,0
5302,0
3600,0
3192,0
3473,0
4304,0
4478,0
6310,0
7465,0
11664,0
12000,0
14970,0
15205,0
17118,0
17495,0
19508,0
20017,0
20707,0
20941,0
20725,0
19358,0
20008,0
20758,0
21068,0
20316,0
19248,0
20449,0
23133,0
23733,0
25602,0
27074,0
25487,0
22437,0
21569,0
21542,0
22661,0
23754,0
25114,0
25308,0
25251,0
25423,0
23964,0
22134,0
20253,0
19354,0
17470,0
14916,0
13069,0
10617,0
6053,0
4097,0
3219,0
3050,0
3114,0
3521,0
4745,0
6290,0
8298,0
9919,0
13441,0
15096,0
18880,0
20210,0
22395,0
22791,0
22619,0
22916,0
22472,0
22015,0
23848,0
22149,0
19787,0
18399,0
18309,0
17623,0
18567,0
18557,0
20670,0
16805,0
14576,0
14056,0
14591,0
13904,0
14487,0
15516,0
14292,0
12676,0
11970,0
10938,0
9181,0
7630,0
6241,0
5370,0
4199,0
3815,0
3367,0
3278,0
2542,0
2341,0
2774,0
3479,0
5228,0
5531,0
7133,0
8572,0
11251,0
11815,0
13223,0
12862,0
14360,0
14101,0
16056,0
16454,0
17460,0
17295,0
17872,0
17517,0
18228,0
17900,0
18245,0
17379,0
16921,0
17309,0
18431,0
19142,0
19449,0
18494,0
17217,0
16075,0
15157,0
14245,0
14069,0
13506,0
12936,0
10400,0
8189,0
6941,0
5164,0
3940,0
3073,0
2690,0
2006,0
1584,0
1495,0
1692,0
1663,0
2275,0
4423,0
6390,0
11694,0
14427,0
18672,0
19568,0
20068,0
18961,0
17965,0
15858,0
15942,0
14858,0
16031,0
15767,0
15718,0
14752,0
16556,0
16333,0
17782,0
17590,0
16525,0
15174,0
14241,0
16378,0
19480,0
22419,0
23262,0
22395,0
21663,0
21386,0
20673,0
21258,0
21186,0
20053,0
16936,0
14319,0
11226,0
8987,0
6616,0
5410,0
4152,0
3405,0
2682,0
2180,0
1905,0
2089,0
1981,0
2213,0
4205,0
6482,0
11513,0
15263,0
19134,0
20366,0
21165,0
19723,0
18557,0
17106,0
17373,0
15714,0
16754,0
17156,0
16405,0
15565,0
17267,0
17711,0
18372,0
18579,0
16601,0
15939,0
14513,0
17001,0
20962,0
23400,0
23891,0
24112,0
23195,0
22527,0
21978,0
22624,0
21970,0
21085,0
19624,0
15974,0
12520,0
10173,0
7771,0
6287,0
4720,0
3642,0
2769,0
2406,0
2194,0
2275,0
2021,0
2385,0
4276,0
6311,0
11643,0
14874,0
19720,0
20607,0
20838,0
19347,0
18316,0
16233,0
16420,0
14997,0
17341,0
17606,0
16850,0
15625,0
17210,0
17552,0
18531,0
18806,0
17322,0
15719,0
14717,0
16955,0
20647,0
23122,0
25031,0
25376,0
25849,0
24434,0
23690,0
24704,0
25221,0
24320,0
22823,0
21754,0
17946,0
14722,0
11815,0
9274,0
7241,0
6184,0
4956,0
4158,0
3499,0
3433,0
2736,0
2534,0
4436,0
6559,0
11173,0
14477,0
19424,0
20059,0
20211,0
19220,0
18519,0
16466,0
16651,0
15564,0
17483,0
18057,0
16855,0
16827,0
17900,0
18747,0
19493,0
19020,0
17169,0
15680,0
15126,0
17664,0
21065,0
23573,0
25063,0
26854,0
26037,0
24863,0
23793,0
23560,0
23904,0
25266,0
25284,0
25157,0
24597,0
24223,0
21761,0
20356,0
18221,0
14264,0
11852,0
10245,0
8895,0
7634,0
4822,0
3521,0
2971,0
3225,0
4324,0
4948,0
6401,0
7537,0
10085,0
11421,0
15063,0
14932,0
16512,0
16893,0
19945,0
19851,0
20385,0
20321,0
19563,0
18692,0
19016,0
19252,0
19325,0
19139,0
19092,0
19901,0
21433,0
22997,0
24210,0
26175,0
24935,0
21243,0
20206,0
20188,0
21588,0
24357,0
25009,0
25641,0
25928,0
25026,0
23773,0
22667,0
20864,0
19498,0
17494,0
15262,0
12727,0
10682,0
5804,0
3732,0
3050,0
2793,0
3690,0
4009,0
5014,0
5354,0
7694,0
9298,0
12036,0
13457,0
16776,0
16838,0
18681,0
19382,0
19841,0
19688,0
19900,0
19767,0
19114,0
18144,0
18343,0
17879,0
17910,0
17868,0
19079,0
19687,0
19227,0
17843,0
16231,0
14905,0
14598,0
13551,0
13933,0
12374,0
10625,0
9964,0
8190,0
6663,0
5151,0
4092,0
3207,0
2626,0
1994,0
1987,0
1912,0
2156,0
2175,0
2757,0
4689,0
6715,0
11577,0
13954,0
17717,0
18686,0
18923,0
17326,0
15926,0
13785,0
13905,0
13575,0
14094,0
14488,0
14428,0
14402,0
14747,0
13915,0
11432,0
9659,0
7681,0
6257,0
5520,0
5159,0
5283,0
5821,0
5586,0
4729,0
4402,0
3877,0
3384,0
3203,0
2611,0
1783,0
866,0
297,0
189,0
109,1
80,0
40,0
39,0
26,0
32,0
8,0
11,0
9,0
20,0
21,0
37,0
69,0
107,0
216,0
332,0
570,0
1049,0
1589,0
2285,0
2945,0
3544,0
3876,0
4535,0
4923,0
5157,0
5273,0
5584,0
5773,0
6569,0
7007,0
7400,0
7962,0
8760,0
9776,0
10863,0
12687,0
12541,0
11967,0
10813,0
10419,0
10132,0
10566,0
11073,0
10559,0
9121,0
8700,0
6884,0
5502,0
4001,0
3039,0
2431,0
2005,0
1661,0
1300,0
1279,0
1407,0
1353,0
1887,0
3714,0
6019,0
11208,0
14063,0
17572,0
18746,0
18397,0
17430,0
15997,0
13900,0
14138,0
13361,0
14156,0
14075,0
13887,0
13593,0
14093,0
14699,0
15372,0
16220,0
15107,0
14057,0
13802,0
15961,0
18422,0
21270,0
22262,0
22786,0
22169,0
21155,0
20120,0
20428,0
20309,0
20059,0
19055,0
15481,0
12535,0
10134,0
7568,0
5619,0
4342,0
3604,0
2822,0
2379,0
2121,0
2130,0
1968,0
2339,0
4306,0
6575,0
11896,0
15030,0
18687,0
19710,0
19585,0
18438,0
17398,0
16241,0
15905,0
14690,0
16203,0
16711,0
16013,0
15725,0
16432,0
17190,0
17571,0
18184,0
16484,0
14774,0
13800,0
15971,0
19384,0
21649,0
23102,0
23464,0
23343,0
23197,0
23120,0
23208,0
23188,0
22638,0
21501,0
20719,0
17877,0
14367,0
11118,0
8733,0
6954,0
5898,0
4541,0
3834,0
3143,0
3295,0
2652,0
2541,0
4585,0
6626,0
11854,0
15913,0
19574,0
20898,0
20859,0
19707,0
18495,0
17096,0
16561,0
16496,0
17310,0
17354,0
16305,0
16685,0
18077,0
18375,0
18633,0
18401,0
17079,0
15582,0
14719,0
17569,0
21013,0
23696,0
25758,0
27289,0
28107,0
27308,0
26570,0
25935,0
26432,0
26739,0
26874,0
26928,0
26000,0
25778,0
23304,0
21318,0
19024,0
17022,0
14733,0
12593,0
11048,0
9364,0
5209,0
3683,0
3329,0
3714,0
4531,0
4803,0
7049,0
8363,0
11899,0
13522,0
18164,0
17645,0
20056,0
20270,0
22865,0
22951,0
23387,0
23069,0
23298,0
21817,0
21565,0
21729,0
22838,0
21068,0
19920,0
20715,0
23595,0
26044,0
27286,0
28804,0
27773,0
24985,0
23291,0
23719,0
24670,0
25721,0
27309,0
26591,0
26288,0
